filename, language, Properties, JSON, TypeScript, HTML, SCSS, CSS, Markdown, XML, comment, blank, total
.editorconfig, Properties, 6, 0, 0, 0, 0, 0, 0, 0, 0, 1, 7
README.md, Markdown, 0, 0, 0, 0, 0, 0, 17, 0, 0, 18, 35
angular.json, JSON, 0, 212, 0, 0, 0, 0, 0, 0, 77, 0, 289
e2e\src\app.e2e-spec.ts, TypeScript, 0, 0, 18, 0, 0, 0, 0, 0, 1, 5, 24
e2e\src\app.po.ts, TypeScript, 0, 0, 12, 0, 0, 0, 0, 0, 0, 3, 15
e2e\tsconfig.e2e.json, JSON, 0, 13, 0, 0, 0, 0, 0, 0, 0, 1, 14
e2e\tsconfig.json, JSON, 0, 13, 0, 0, 0, 0, 0, 0, 0, 1, 14
ngsw-config.json, JSON, 0, 9, 0, 0, 0, 0, 0, 0, 48, 0, 57
package-lock.json, JSON, 0, 11005, 0, 0, 0, 0, 0, 0, 0, 1, 11006
package.json, JSON, 0, 118, 0, 0, 0, 0, 0, 0, 0, 1, 119
proxy.conf.json, JSON, 0, 10, 0, 0, 0, 0, 0, 0, 0, 1, 11
src\@fuse\animations\index.ts, TypeScript, 0, 0, 377, 0, 0, 0, 0, 0, 3, 27, 407
src\@fuse\components\confirm-dialog\confirm-dialog.component.html, HTML, 0, 0, 0, 6, 0, 0, 0, 0, 0, 1, 7
src\@fuse\components\confirm-dialog\confirm-dialog.component.scss, SCSS, 0, 0, 0, 0, 0, 0, 0, 0, 0, 1, 1
src\@fuse\components\confirm-dialog\confirm-dialog.component.ts, TypeScript, 0, 0, 16, 0, 0, 0, 0, 0, 5, 4, 25
src\@fuse\components\confirm-dialog\confirm-dialog.module.ts, TypeScript, 0, 0, 19, 0, 0, 0, 0, 0, 0, 3, 22
src\@fuse\components\countdown\countdown.component.html, HTML, 0, 0, 0, 34, 0, 0, 0, 0, 0, 5, 39
src\@fuse\components\countdown\countdown.component.scss, SCSS, 0, 0, 0, 0, 26, 0, 0, 0, 0, 4, 30
src\@fuse\components\countdown\countdown.component.ts, TypeScript, 0, 0, 63, 0, 0, 0, 0, 0, 31, 17, 111
src\@fuse\components\countdown\countdown.module.ts, TypeScript, 0, 0, 13, 0, 0, 0, 0, 0, 0, 3, 16
src\@fuse\components\countdown\countdown.theme.scss, SCSS, 0, 0, 0, 0, 12, 0, 0, 0, 0, 5, 17
src\@fuse\components\demo\demo-content\demo-content.component.html, HTML, 0, 0, 0, 69, 0, 0, 0, 0, 2, 13, 84
src\@fuse\components\demo\demo-content\demo-content.component.scss, SCSS, 0, 0, 0, 0, 0, 0, 0, 0, 0, 1, 1
src\@fuse\components\demo\demo-content\demo-content.component.ts, TypeScript, 0, 0, 12, 0, 0, 0, 0, 0, 3, 2, 17
src\@fuse\components\demo\demo-sidebar\demo-sidebar.component.html, HTML, 0, 0, 0, 68, 0, 0, 0, 0, 0, 33, 101
src\@fuse\components\demo\demo-sidebar\demo-sidebar.component.scss, SCSS, 0, 0, 0, 0, 0, 0, 0, 0, 0, 1, 1
src\@fuse\components\demo\demo-sidebar\demo-sidebar.component.ts, TypeScript, 0, 0, 12, 0, 0, 0, 0, 0, 3, 2, 17
src\@fuse\components\demo\demo.module.ts, TypeScript, 0, 0, 24, 0, 0, 0, 0, 0, 0, 5, 29
src\@fuse\components\highlight\highlight.component.scss, SCSS, 0, 0, 0, 0, 9, 0, 0, 0, 0, 0, 9
src\@fuse\components\highlight\highlight.component.ts, TypeScript, 0, 0, 76, 0, 0, 0, 0, 0, 50, 24, 150
src\@fuse\components\highlight\highlight.module.ts, TypeScript, 0, 0, 13, 0, 0, 0, 0, 0, 0, 3, 16
src\@fuse\components\highlight\prism-languages.ts, TypeScript, 0, 0, 18, 0, 0, 0, 0, 0, 0, 1, 19
src\@fuse\components\index.ts, TypeScript, 0, 0, 12, 0, 0, 0, 0, 0, 0, 1, 13
src\@fuse\components\material-color-picker\material-color-picker.component.html, HTML, 0, 0, 0, 54, 0, 0, 0, 0, 0, 12, 66
src\@fuse\components\material-color-picker\material-color-picker.component.scss, SCSS, 0, 0, 0, 0, 32, 0, 0, 0, 0, 8, 40
src\@fuse\components\material-color-picker\material-color-picker.component.ts, TypeScript, 0, 0, 132, 0, 0, 0, 0, 0, 88, 42, 262
src\@fuse\components\material-color-picker\material-color-picker.module.ts, TypeScript, 0, 0, 29, 0, 0, 0, 0, 0, 0, 7, 36
src\@fuse\components\material-color-picker\material-color-picker.theme.scss, SCSS, 0, 0, 0, 0, 10, 0, 0, 0, 0, 4, 14
src\@fuse\components\navigation\horizontal\collapsable\collapsable.component.html, HTML, 0, 0, 0, 50, 0, 0, 0, 0, 6, 13, 69
src\@fuse\components\navigation\horizontal\collapsable\collapsable.component.scss, SCSS, 0, 0, 0, 0, 2, 0, 0, 0, 0, 2, 4
src\@fuse\components\navigation\horizontal\collapsable\collapsable.component.ts, TypeScript, 0, 0, 52, 0, 0, 0, 0, 0, 22, 13, 87
src\@fuse\components\navigation\horizontal\item\item.component.html, HTML, 0, 0, 0, 70, 0, 0, 0, 0, 5, 6, 81
src\@fuse\components\navigation\horizontal\item\item.component.scss, SCSS, 0, 0, 0, 0, 2, 0, 0, 0, 0, 2, 4
src\@fuse\components\navigation\horizontal\item\item.component.ts, TypeScript, 0, 0, 26, 0, 0, 0, 0, 0, 2, 8, 36
src\@fuse\components\navigation\navigation.component.html, HTML, 0, 0, 0, 37, 0, 0, 0, 0, 4, 2, 43
src\@fuse\components\navigation\navigation.component.scss, SCSS, 0, 0, 0, 0, 10, 0, 0, 0, 0, 3, 13
src\@fuse\components\navigation\navigation.component.ts, TypeScript, 0, 0, 58, 0, 0, 0, 0, 0, 22, 16, 96
src\@fuse\components\navigation\navigation.module.ts, TypeScript, 0, 0, 31, 0, 0, 0, 0, 0, 0, 5, 36
src\@fuse\components\navigation\navigation.service.ts, TypeScript, 0, 0, 217, 0, 0, 0, 0, 0, 142, 67, 426
src\@fuse\components\navigation\vertical\collapsable\collapsable.component.html, HTML, 0, 0, 0, 50, 0, 0, 0, 0, 6, 10, 66
src\@fuse\components\navigation\vertical\collapsable\collapsable.component.scss, SCSS, 0, 0, 0, 0, 31, 0, 0, 0, 0, 12, 43
src\@fuse\components\navigation\vertical\collapsable\collapsable.component.ts, TypeScript, 0, 0, 164, 0, 0, 0, 0, 0, 65, 40, 269
src\@fuse\components\navigation\vertical\group\group.component.html, HTML, 0, 0, 0, 21, 0, 0, 0, 0, 0, 4, 25
src\@fuse\components\navigation\vertical\group\group.component.scss, SCSS, 0, 0, 0, 0, 19, 0, 0, 0, 0, 5, 24
src\@fuse\components\navigation\vertical\group\group.component.ts, TypeScript, 0, 0, 39, 0, 0, 0, 0, 0, 22, 10, 71
src\@fuse\components\navigation\vertical\item\item.component.html, HTML, 0, 0, 0, 36, 0, 0, 0, 0, 5, 7, 48
src\@fuse\components\navigation\vertical\item\item.component.scss, SCSS, 0, 0, 0, 0, 11, 0, 0, 0, 0, 4, 15
src\@fuse\components\navigation\vertical\item\item.component.ts, TypeScript, 0, 0, 38, 0, 0, 0, 0, 0, 23, 10, 71
src\@fuse\components\progress-bar\progress-bar.component.html, HTML, 0, 0, 0, 3, 0, 0, 0, 0, 0, 3, 6
src\@fuse\components\progress-bar\progress-bar.component.scss, SCSS, 0, 0, 0, 0, 14, 0, 0, 0, 0, 4, 18
src\@fuse\components\progress-bar\progress-bar.component.ts, TypeScript, 0, 0, 52, 0, 0, 0, 0, 0, 26, 16, 94
src\@fuse\components\progress-bar\progress-bar.module.ts, TypeScript, 0, 0, 25, 0, 0, 0, 0, 0, 0, 5, 30
src\@fuse\components\progress-bar\progress-bar.service.ts, TypeScript, 0, 0, 73, 0, 0, 0, 0, 0, 41, 19, 133
src\@fuse\components\search-bar\search-bar.component.html, HTML, 0, 0, 0, 16, 0, 0, 0, 0, 0, 6, 22
src\@fuse\components\search-bar\search-bar.component.scss, SCSS, 0, 0, 0, 0, 75, 0, 0, 0, 0, 18, 93
src\@fuse\components\search-bar\search-bar.component.ts, TypeScript, 0, 0, 52, 0, 0, 0, 0, 0, 33, 15, 100
src\@fuse\components\search-bar\search-bar.module.ts, TypeScript, 0, 0, 23, 0, 0, 0, 0, 0, 0, 5, 28
src\@fuse\components\search-bar\search-bar.theme.scss, SCSS, 0, 0, 0, 0, 8, 0, 0, 0, 0, 3, 11
src\@fuse\components\shortcuts\shortcuts.component.html, HTML, 0, 0, 0, 75, 0, 0, 0, 0, 0, 39, 114
src\@fuse\components\shortcuts\shortcuts.component.scss, SCSS, 0, 0, 0, 0, 24, 0, 0, 0, 0, 6, 30
src\@fuse\components\shortcuts\shortcuts.component.ts, TypeScript, 0, 0, 144, 0, 0, 0, 0, 0, 56, 31, 231
src\@fuse\components\shortcuts\shortcuts.module.ts, TypeScript, 0, 0, 41, 0, 0, 0, 0, 0, 0, 5, 46
src\@fuse\components\shortcuts\shortcuts.theme.scss, SCSS, 0, 0, 0, 0, 8, 0, 0, 0, 0, 3, 11
src\@fuse\components\sidebar\sidebar.component.html, HTML, 0, 0, 0, 1, 0, 0, 0, 0, 0, 0, 1
src\@fuse\components\sidebar\sidebar.component.scss, SCSS, 0, 0, 0, 0, 56, 0, 0, 0, 0, 9, 65
src\@fuse\components\sidebar\sidebar.component.ts, TypeScript, 0, 0, 417, 0, 0, 0, 0, 0, 245, 140, 802
src\@fuse\components\sidebar\sidebar.module.ts, TypeScript, 0, 0, 13, 0, 0, 0, 0, 0, 0, 3, 16
src\@fuse\components\sidebar\sidebar.service.ts, TypeScript, 0, 0, 38, 0, 0, 0, 0, 0, 27, 13, 78
src\@fuse\components\sidebar\sidebar.theme.scss, SCSS, 0, 0, 0, 0, 12, 0, 0, 0, 0, 4, 16
src\@fuse\components\theme-options\theme-options.component.html, HTML, 0, 0, 0, 362, 0, 0, 0, 0, 28, 158, 548
src\@fuse\components\theme-options\theme-options.component.scss, SCSS, 0, 0, 0, 0, 65, 0, 0, 0, 0, 11, 76
src\@fuse\components\theme-options\theme-options.component.ts, TypeScript, 0, 0, 253, 0, 0, 0, 0, 0, 58, 31, 342
src\@fuse\components\theme-options\theme-options.module.ts, TypeScript, 0, 0, 46, 0, 0, 0, 0, 0, 0, 7, 53
src\@fuse\components\theme-options\theme-options.theme.scss, SCSS, 0, 0, 0, 0, 20, 0, 0, 0, 0, 7, 27
src\@fuse\components\widget\widget-toggle.directive.ts, TypeScript, 0, 0, 12, 0, 0, 0, 0, 0, 5, 2, 19
src\@fuse\components\widget\widget.component.html, HTML, 0, 0, 0, 1, 0, 0, 0, 0, 0, 1, 2
src\@fuse\components\widget\widget.component.scss, SCSS, 0, 0, 0, 0, 76, 0, 0, 0, 0, 13, 89
src\@fuse\components\widget\widget.component.ts, TypeScript, 0, 0, 37, 0, 0, 0, 0, 0, 19, 10, 66
src\@fuse\components\widget\widget.module.ts, TypeScript, 0, 0, 16, 0, 0, 0, 0, 0, 0, 3, 19
src\@fuse\components\widget\widget.theme.scss, SCSS, 0, 0, 0, 0, 11, 0, 0, 0, 0, 3, 14
src\@fuse\directives\directives.ts, TypeScript, 0, 0, 25, 0, 0, 0, 0, 0, 0, 3, 28
src\@fuse\directives\fuse-if-on-dom\fuse-if-on-dom.directive.ts, TypeScript, 0, 0, 31, 0, 0, 0, 0, 0, 14, 5, 50
src\@fuse\directives\fuse-inner-scroll\fuse-inner-scroll.directive.ts, TypeScript, 0, 0, 60, 0, 0, 0, 0, 0, 39, 17, 116
src\@fuse\directives\fuse-mat-sidenav\fuse-mat-sidenav.directive.ts, TypeScript, 0, 0, 84, 0, 0, 0, 0, 0, 33, 17, 134
src\@fuse\directives\fuse-mat-sidenav\fuse-mat-sidenav.service.ts, TypeScript, 0, 0, 21, 0, 0, 0, 0, 0, 18, 6, 45
src\@fuse\directives\fuse-perfect-scrollbar\fuse-perfect-scrollbar.directive.ts, TypeScript, 0, 0, 313, 0, 0, 0, 0, 0, 171, 66, 550
src\@fuse\directives\fuse-perfect-scrollbar\fuse-perfect-scrollbar.interfaces.ts, TypeScript, 0, 0, 24, 0, 0, 0, 0, 0, 0, 5, 29
src\@fuse\fuse.module.ts, TypeScript, 0, 0, 25, 0, 0, 0, 0, 0, 0, 4, 29
src\@fuse\mat-colors\index.ts, TypeScript, 0, 0, 696, 0, 0, 0, 0, 0, 5, 27, 728
src\@fuse\pipes\camelCaseToDash.pipe.ts, TypeScript, 0, 0, 9, 0, 0, 0, 0, 0, 7, 2, 18
src\@fuse\pipes\filter.pipe.ts, TypeScript, 0, 0, 10, 0, 0, 0, 0, 0, 8, 2, 20
src\@fuse\pipes\getById.pipe.ts, TypeScript, 0, 0, 22, 0, 0, 0, 0, 0, 8, 4, 34
src\@fuse\pipes\htmlToPlaintext.pipe.ts, TypeScript, 0, 0, 9, 0, 0, 0, 0, 0, 7, 2, 18
src\@fuse\pipes\keys.pipe.ts, TypeScript, 0, 0, 20, 0, 0, 0, 0, 0, 7, 4, 31
src\@fuse\pipes\pipes.module.ts, TypeScript, 0, 0, 26, 0, 0, 0, 0, 0, 0, 3, 29
src\@fuse\scss\core.scss, SCSS, 0, 0, 0, 0, 21, 0, 0, 0, 9, 8, 38
src\@fuse\scss\fuse.scss, SCSS, 0, 0, 0, 0, 2, 0, 0, 0, 2, 1, 5
src\@fuse\scss\partials\_angular-material-fix.scss, SCSS, 0, 0, 0, 0, 77, 0, 0, 0, 14, 26, 117
src\@fuse\scss\partials\_breakpoints.scss, SCSS, 0, 0, 0, 0, 32, 0, 0, 0, 2, 5, 39
src\@fuse\scss\partials\_cards.scss, SCSS, 0, 0, 0, 0, 51, 0, 0, 0, 11, 14, 76
src\@fuse\scss\partials\_colors.scss, SCSS, 0, 0, 0, 0, 230, 0, 0, 0, 61, 71, 362
src\@fuse\scss\partials\_docs.scss, SCSS, 0, 0, 0, 0, 34, 0, 0, 0, 0, 8, 42
src\@fuse\scss\partials\_forms.scss, SCSS, 0, 0, 0, 0, 15, 0, 0, 0, 0, 1, 16
src\@fuse\scss\partials\_general.scss, SCSS, 0, 0, 0, 0, 44, 0, 0, 0, 17, 9, 70
src\@fuse\scss\partials\_helpers.scss, SCSS, 0, 0, 0, 0, 168, 0, 0, 0, 23, 54, 245
src\@fuse\scss\partials\_icons.scss, SCSS, 0, 0, 0, 0, 24, 0, 0, 0, 0, 6, 30
src\@fuse\scss\partials\_material.scss, SCSS, 0, 0, 0, 0, 433, 0, 0, 0, 39, 125, 597
src\@fuse\scss\partials\_navigation.scss, SCSS, 0, 0, 0, 0, 195, 0, 0, 0, 1, 51, 247
src\@fuse\scss\partials\_normalize.scss, SCSS, 0, 0, 0, 0, 189, 0, 0, 0, 165, 94, 448
src\@fuse\scss\partials\_page-layouts.scss, SCSS, 0, 0, 0, 0, 507, 0, 0, 0, 40, 148, 695
src\@fuse\scss\partials\_print.scss, SCSS, 0, 0, 0, 0, 52, 0, 0, 0, 7, 12, 71
src\@fuse\scss\partials\_scrollbars.scss, SCSS, 0, 0, 0, 0, 19, 0, 0, 0, 0, 4, 23
src\@fuse\scss\partials\_typography.scss, SCSS, 0, 0, 0, 0, 320, 0, 0, 0, 27, 94, 441
src\@fuse\scss\partials\plugins\_ngx-color-picker.scss, SCSS, 0, 0, 0, 0, 29, 0, 0, 0, 0, 8, 37
src\@fuse\scss\partials\plugins\_ngx-datatable.scss, SCSS, 0, 0, 0, 0, 208, 0, 0, 0, 3, 58, 269
src\@fuse\scss\partials\plugins\_perfect-scrollbar.scss, SCSS, 0, 0, 0, 0, 10, 0, 0, 0, 0, 2, 12
src\@fuse\scss\partials\plugins\_plugins.scss, SCSS, 0, 0, 0, 0, 4, 0, 0, 0, 0, 1, 5
src\@fuse\scss\partials\plugins\_prism.scss, SCSS, 0, 0, 0, 0, 184, 0, 0, 0, 48, 37, 269
src\@fuse\scss\theme.scss, SCSS, 0, 0, 0, 0, 22, 0, 0, 0, 3, 6, 31
src\@fuse\services\config.service.ts, TypeScript, 0, 0, 73, 0, 0, 0, 0, 0, 64, 24, 161
src\@fuse\services\copier.service.ts, TypeScript, 0, 0, 36, 0, 0, 0, 0, 0, 28, 13, 77
src\@fuse\services\match-media.service.ts, TypeScript, 0, 0, 34, 0, 0, 0, 0, 0, 15, 8, 57
src\@fuse\services\splash-screen.service.ts, TypeScript, 0, 0, 68, 0, 0, 0, 0, 0, 28, 12, 108
src\@fuse\services\translation-loader.service.ts, TypeScript, 0, 0, 19, 0, 0, 0, 0, 0, 28, 6, 53
src\@fuse\shared.module.ts, TypeScript, 0, 0, 27, 0, 0, 0, 0, 0, 0, 8, 35
src\@fuse\types\fuse-config.ts, TypeScript, 0, 0, 33, 0, 0, 0, 0, 0, 0, 1, 34
src\@fuse\types\fuse-navigation.ts, TypeScript, 0, 0, 26, 0, 0, 0, 0, 0, 0, 2, 28
src\@fuse\types\index.ts, TypeScript, 0, 0, 2, 0, 0, 0, 0, 0, 0, 1, 3
src\@fuse\utils\index.ts, TypeScript, 0, 0, 100, 0, 0, 0, 0, 0, 45, 15, 160
src\app\app-routing.module.ts, TypeScript, 0, 0, 75, 0, 0, 0, 0, 0, 21, 4, 100
src\app\app-store.module.ts, TypeScript, 0, 0, 37, 0, 0, 0, 0, 0, 0, 3, 40
src\app\app.component.html, HTML, 0, 0, 0, 13, 0, 0, 0, 0, 20, 6, 39
src\app\app.component.scss, SCSS, 0, 0, 0, 0, 43, 0, 0, 0, 0, 8, 51
src\app\app.component.ts, TypeScript, 0, 0, 174, 0, 0, 0, 0, 0, 67, 49, 290
src\app\app.module.ts, TypeScript, 0, 0, 79, 0, 0, 0, 0, 0, 8, 15, 102
src\app\app.theme.scss, SCSS, 0, 0, 0, 0, 206, 0, 0, 0, 77, 57, 340
src\app\fake-db\academy.ts, TypeScript, 0, 0, 769, 0, 0, 0, 0, 0, 0, 5, 774
src\app\fake-db\calendar.ts, TypeScript, 0, 0, 95, 0, 0, 0, 0, 0, 0, 3, 98
src\app\fake-db\chat-panel.ts, TypeScript, 0, 0, 340, 0, 0, 0, 0, 0, 0, 4, 344
src\app\fake-db\chat.ts, TypeScript, 0, 0, 325, 0, 0, 0, 0, 0, 0, 4, 329
src\app\fake-db\contacts.ts, TypeScript, 0, 0, 410, 0, 0, 0, 0, 0, 0, 2, 412
src\app\fake-db\dashboard-analytics.ts, TypeScript, 0, 0, 693, 0, 0, 0, 0, 0, 2, 1, 696
src\app\fake-db\dashboard-project.ts, TypeScript, 0, 0, 1995, 0, 0, 0, 0, 0, 0, 4, 1999
src\app\fake-db\e-commerce.ts, TypeScript, 0, 0, 3267, 0, 0, 0, 0, 0, 0, 2, 3269
src\app\fake-db\fake-db.service.ts, TypeScript, 0, 0, 64, 0, 0, 0, 0, 0, 19, 20, 103
src\app\fake-db\faq.ts, TypeScript, 0, 0, 61, 0, 0, 0, 0, 0, 0, 1, 62
src\app\fake-db\file-manager.ts, TypeScript, 0, 0, 145, 0, 0, 0, 0, 0, 0, 2, 147
src\app\fake-db\icons.ts, TypeScript, 0, 0, 5070, 0, 0, 0, 0, 0, 0, 1, 5071
src\app\fake-db\invoice.ts, TypeScript, 0, 0, 59, 0, 0, 0, 0, 0, 0, 1, 60
src\app\fake-db\knowledge-base.ts, TypeScript, 0, 0, 113, 0, 0, 0, 0, 0, 0, 1, 114
src\app\fake-db\mail.ts, TypeScript, 0, 0, 479, 0, 0, 0, 0, 0, 0, 4, 483
src\app\fake-db\profile.ts, TypeScript, 0, 0, 355, 0, 0, 0, 0, 0, 0, 3, 358
src\app\fake-db\quick-panel.ts, TypeScript, 0, 0, 31, 0, 0, 0, 0, 0, 0, 2, 33
src\app\fake-db\scrumboard.ts, TypeScript, 0, 0, 787, 0, 0, 0, 0, 0, 0, 1, 788
src\app\fake-db\search.ts, TypeScript, 0, 0, 45, 0, 0, 0, 0, 0, 0, 2, 47
src\app\fake-db\stores.ts, TypeScript, 0, 0, 566, 0, 0, 0, 0, 0, 0, 2, 568
src\app\fake-db\todo.ts, TypeScript, 0, 0, 322, 0, 0, 0, 0, 0, 0, 3, 325
src\app\fuse-config\index.ts, TypeScript, 0, 0, 33, 0, 0, 0, 0, 0, 8, 3, 44
src\app\lang\i18n\en.ts, TypeScript, 0, 0, 93, 0, 0, 0, 0, 0, 0, 1, 94
src\app\lang\i18n\id.ts, TypeScript, 0, 0, 93, 0, 0, 0, 0, 0, 0, 1, 94
src\app\layout\components\chat-panel\chat-panel.theme.scss, SCSS, 0, 0, 0, 0, 62, 0, 0, 0, 0, 20, 82
src\app\layout\components\content\content.component.html, HTML, 0, 0, 0, 1, 0, 0, 0, 0, 5, 1, 7
src\app\layout\components\content\content.component.scss, SCSS, 0, 0, 0, 0, 12, 0, 0, 0, 0, 1, 13
src\app\layout\components\content\content.component.ts, TypeScript, 0, 0, 13, 0, 0, 0, 0, 0, 3, 2, 18
src\app\layout\components\content\content.module.ts, TypeScript, 0, 0, 19, 0, 0, 0, 0, 0, 0, 4, 23
src\app\layout\components\footer-action\footer-action.component.html, HTML, 0, 0, 0, 55, 0, 0, 0, 0, 38, 11, 104
src\app\layout\components\footer-action\footer-action.component.scss, SCSS, 0, 0, 0, 0, 15, 0, 0, 0, 0, 3, 18
src\app\layout\components\footer-action\footer-action.component.ts, TypeScript, 0, 0, 41, 0, 0, 0, 0, 0, 2, 9, 52
src\app\layout\components\footer-action\footer-action.module.ts, TypeScript, 0, 0, 21, 0, 0, 0, 0, 0, 0, 3, 24
src\app\layout\components\footer\footer.component.html, HTML, 0, 0, 0, 15, 0, 0, 0, 0, 0, 6, 21
src\app\layout\components\footer\footer.component.scss, SCSS, 0, 0, 0, 0, 14, 0, 0, 0, 0, 2, 16
src\app\layout\components\footer\footer.component.ts, TypeScript, 0, 0, 12, 0, 0, 0, 0, 0, 3, 2, 17
src\app\layout\components\footer\footer.module.ts, TypeScript, 0, 0, 25, 0, 0, 0, 0, 0, 0, 6, 31
src\app\layout\components\navbar\horizontal\custom-style-1\custom-style-1.component.html, HTML, 0, 0, 0, 3, 0, 0, 0, 0, 0, 1, 4
src\app\layout\components\navbar\horizontal\custom-style-1\custom-style-1.component.scss, SCSS, 0, 0, 0, 0, 33, 0, 0, 0, 0, 5, 38
src\app\layout\components\navbar\horizontal\custom-style-1\custom-style-1.component.ts, TypeScript, 0, 0, 42, 0, 0, 0, 0, 0, 40, 9, 91
src\app\layout\components\navbar\horizontal\custom-style-1\custom-style-1.module.ts, TypeScript, 0, 0, 12, 0, 0, 0, 0, 0, 0, 3, 15
src\app\layout\components\navbar\horizontal\style-1\style-1.component.html, HTML, 0, 0, 0, 3, 0, 0, 0, 0, 0, 0, 3
src\app\layout\components\navbar\horizontal\style-1\style-1.component.scss, SCSS, 0, 0, 0, 0, 13, 0, 0, 0, 0, 3, 16
src\app\layout\components\navbar\horizontal\style-1\style-1.component.ts, TypeScript, 0, 0, 47, 0, 0, 0, 0, 0, 21, 9, 77
src\app\layout\components\navbar\horizontal\style-1\style-1.module.ts, TypeScript, 0, 0, 23, 0, 0, 0, 0, 0, 0, 5, 28
src\app\layout\components\navbar\navbar.component.html, HTML, 0, 0, 0, 12, 0, 0, 0, 0, 0, 4, 16
src\app\layout\components\navbar\navbar.component.scss, SCSS, 0, 0, 0, 0, 2, 0, 0, 0, 0, 2, 4
src\app\layout\components\navbar\navbar.component.ts, TypeScript, 0, 0, 22, 0, 0, 0, 0, 0, 32, 8, 62
src\app\layout\components\navbar\navbar.module.ts, TypeScript, 0, 0, 19, 0, 0, 0, 0, 0, 0, 5, 24
src\app\layout\components\navbar\vertical\style-1\style-1.component.html, HTML, 0, 0, 0, 45, 0, 0, 0, 0, 0, 5, 50
src\app\layout\components\navbar\vertical\style-1\style-1.component.scss, SCSS, 0, 0, 0, 0, 160, 0, 0, 0, 1, 38, 199
src\app\layout\components\navbar\vertical\style-1\style-1.component.ts, TypeScript, 0, 0, 95, 0, 0, 0, 0, 0, 93, 23, 211
src\app\layout\components\navbar\vertical\style-1\style-1.module.ts, TypeScript, 0, 0, 23, 0, 0, 0, 0, 0, 0, 5, 28
src\app\layout\components\navbar\vertical\style-2\style-2.component.html, HTML, 0, 0, 0, 30, 0, 0, 0, 0, 0, 4, 34
src\app\layout\components\navbar\vertical\style-2\style-2.component.scss, SCSS, 0, 0, 0, 0, 83, 0, 0, 0, 1, 25, 109
src\app\layout\components\navbar\vertical\style-2\style-2.component.ts, TypeScript, 0, 0, 86, 0, 0, 0, 0, 0, 37, 18, 141
src\app\layout\components\navbar\vertical\style-2\style-2.module.ts, TypeScript, 0, 0, 23, 0, 0, 0, 0, 0, 0, 5, 28
src\app\layout\components\quick-panel\quick-panel.component.html, HTML, 0, 0, 0, 61, 0, 0, 0, 0, 0, 15, 76
src\app\layout\components\quick-panel\quick-panel.component.scss, SCSS, 0, 0, 0, 0, 12, 0, 0, 0, 0, 2, 14
src\app\layout\components\quick-panel\quick-panel.component.ts, TypeScript, 0, 0, 23, 0, 0, 0, 0, 0, 4, 3, 30
src\app\layout\components\quick-panel\quick-panel.module.ts, TypeScript, 0, 0, 23, 0, 0, 0, 0, 0, 0, 5, 28
src\app\layout\components\toolbar\toolbar.component.html, HTML, 0, 0, 0, 86, 0, 0, 0, 0, 62, 14, 162
src\app\layout\components\toolbar\toolbar.component.scss, SCSS, 0, 0, 0, 0, 44, 0, 0, 0, 0, 11, 55
src\app\layout\components\toolbar\toolbar.component.ts, TypeScript, 0, 0, 119, 0, 0, 0, 0, 0, 122, 29, 270
src\app\layout\components\toolbar\toolbar.module.ts, TypeScript, 0, 0, 26, 0, 0, 0, 0, 0, 0, 4, 30
src\app\layout\components\toolbar\toolbar.theme.scss, SCSS, 0, 0, 0, 0, 8, 0, 0, 0, 0, 3, 11
src\app\layout\horizontal\layout-1\layout-1.component.html, HTML, 0, 0, 0, 58, 0, 0, 0, 0, 33, 27, 118
src\app\layout\horizontal\layout-1\layout-1.component.scss, SCSS, 0, 0, 0, 0, 50, 0, 0, 0, 4, 9, 63
src\app\layout\horizontal\layout-1\layout-1.component.ts, TypeScript, 0, 0, 37, 0, 0, 0, 0, 0, 19, 9, 65
src\app\layout\horizontal\layout-1\layout-1.module.ts, TypeScript, 0, 0, 26, 0, 0, 0, 0, 0, 0, 4, 30
src\app\layout\layout.module.ts, TypeScript, 0, 0, 20, 0, 0, 0, 0, 0, 0, 4, 24
src\app\layout\vertical\layout-1\layout-1.component.html, HTML, 0, 0, 0, 122, 0, 0, 0, 0, 45, 22, 189
src\app\layout\vertical\layout-1\layout-1.component.scss, SCSS, 0, 0, 0, 0, 50, 0, 0, 0, 4, 8, 62
src\app\layout\vertical\layout-1\layout-1.component.ts, TypeScript, 0, 0, 39, 0, 0, 0, 0, 0, 66, 14, 119
src\app\layout\vertical\layout-1\layout-1.module.ts, TypeScript, 0, 0, 29, 0, 0, 0, 0, 0, 0, 6, 35
src\app\layout\vertical\layout-2\layout-2.component.html, HTML, 0, 0, 0, 67, 0, 0, 0, 0, 37, 29, 133
src\app\layout\vertical\layout-2\layout-2.component.scss, SCSS, 0, 0, 0, 0, 40, 0, 0, 0, 3, 5, 48
src\app\layout\vertical\layout-2\layout-2.component.ts, TypeScript, 0, 0, 37, 0, 0, 0, 0, 0, 19, 9, 65
src\app\layout\vertical\layout-2\layout-2.module.ts, TypeScript, 0, 0, 29, 0, 0, 0, 0, 0, 0, 6, 35
src\app\layout\vertical\layout-3\layout-3.component.html, HTML, 0, 0, 0, 61, 0, 0, 0, 0, 33, 25, 119
src\app\layout\vertical\layout-3\layout-3.component.scss, SCSS, 0, 0, 0, 0, 40, 0, 0, 0, 3, 6, 49
src\app\layout\vertical\layout-3\layout-3.component.ts, TypeScript, 0, 0, 37, 0, 0, 0, 0, 0, 19, 9, 65
src\app\layout\vertical\layout-3\layout-3.module.ts, TypeScript, 0, 0, 29, 0, 0, 0, 0, 0, 0, 6, 35
src\app\main\pages\accounts\account-detail\account-detail.component.html, HTML, 0, 0, 0, 265, 0, 0, 0, 0, 159, 39, 463
src\app\main\pages\accounts\account-detail\account-detail.component.scss, SCSS, 0, 0, 0, 0, 168, 0, 0, 0, 1, 38, 207
src\app\main\pages\accounts\account-detail\account-detail.component.ts, TypeScript, 0, 0, 163, 0, 0, 0, 0, 0, 15, 26, 204
src\app\main\pages\accounts\account-detail\account-detail.resolver.ts, TypeScript, 0, 0, 25, 0, 0, 0, 0, 0, 0, 6, 31
src\app\main\pages\accounts\account-detail\account-merchant-quick-panel\account-merchant-quick-panel.component.html, HTML, 0, 0, 0, 45, 0, 0, 0, 0, 0, 10, 55
src\app\main\pages\accounts\account-detail\account-merchant-quick-panel\account-merchant-quick-panel.component.scss, SCSS, 0, 0, 0, 0, 12, 0, 0, 0, 0, 2, 14
src\app\main\pages\accounts\account-detail\account-merchant-quick-panel\account-merchant-quick-panel.component.ts, TypeScript, 0, 0, 52, 0, 0, 0, 0, 0, 0, 4, 56
src\app\main\pages\accounts\account-detail\account-merchant-quick-panel\account-merchant-quick-panel.module.ts, TypeScript, 0, 0, 10, 0, 0, 0, 0, 0, 0, 2, 12
src\app\main\pages\accounts\account-form\account-form.component.html, HTML, 0, 0, 0, 219, 0, 0, 0, 0, 15, 24, 258
src\app\main\pages\accounts\account-form\account-form.component.scss, SCSS, 0, 0, 0, 0, 53, 0, 0, 0, 1, 9, 63
src\app\main\pages\accounts\account-form\account-form.component.ts, TypeScript, 0, 0, 332, 0, 0, 0, 0, 0, 23, 58, 413
src\app\main\pages\accounts\account-form\account.resolver.ts, TypeScript, 0, 0, 28, 0, 0, 0, 0, 0, 0, 8, 36
src\app\main\pages\accounts\accounts-routing.module.ts, TypeScript, 0, 0, 46, 0, 0, 0, 0, 0, 0, 4, 50
src\app\main\pages\accounts\accounts.component.html, HTML, 0, 0, 0, 184, 0, 0, 0, 0, 49, 28, 261
src\app\main\pages\accounts\accounts.component.scss, SCSS, 0, 0, 0, 0, 110, 0, 0, 0, 0, 23, 133
src\app\main\pages\accounts\accounts.component.ts, TypeScript, 0, 0, 146, 0, 0, 0, 0, 0, 41, 34, 221
src\app\main\pages\accounts\accounts.module.ts, TypeScript, 0, 0, 28, 0, 0, 0, 0, 0, 7, 6, 41
src\app\main\pages\accounts\accounts.theme.scss, SCSS, 0, 0, 0, 0, 20, 0, 0, 0, 0, 4, 24
src\app\main\pages\accounts\i18n\en.ts, TypeScript, 0, 0, 7, 0, 0, 0, 0, 0, 0, 2, 9
src\app\main\pages\accounts\internal\i18n\en.ts, TypeScript, 0, 0, 7, 0, 0, 0, 0, 0, 0, 2, 9
src\app\main\pages\accounts\internal\i18n\id.ts, TypeScript, 0, 0, 7, 0, 0, 0, 0, 0, 0, 2, 9
src\app\main\pages\accounts\internal\internal-detail\internal-detail.component.html, HTML, 0, 0, 0, 79, 0, 0, 0, 0, 31, 16, 126
src\app\main\pages\accounts\internal\internal-detail\internal-detail.component.scss, SCSS, 0, 0, 0, 0, 34, 0, 0, 0, 1, 5, 40
src\app\main\pages\accounts\internal\internal-detail\internal-detail.component.ts, TypeScript, 0, 0, 81, 0, 0, 0, 0, 0, 4, 11, 96
src\app\main\pages\accounts\internal\internal-form\internal-form.component.html, HTML, 0, 0, 0, 104, 0, 0, 0, 0, 31, 19, 154
src\app\main\pages\accounts\internal\internal-form\internal-form.component.scss, SCSS, 0, 0, 0, 0, 34, 0, 0, 0, 1, 5, 40
src\app\main\pages\accounts\internal\internal-form\internal-form.component.ts, TypeScript, 0, 0, 123, 0, 0, 0, 0, 0, 13, 16, 152
src\app\main\pages\accounts\internal\internal-routing.module.ts, TypeScript, 0, 0, 28, 0, 0, 0, 0, 0, 12, 4, 44
src\app\main\pages\accounts\internal\internal.component.html, HTML, 0, 0, 0, 159, 0, 0, 0, 0, 30, 24, 213
src\app\main\pages\accounts\internal\internal.component.scss, SCSS, 0, 0, 0, 0, 109, 0, 0, 0, 16, 25, 150
src\app\main\pages\accounts\internal\internal.component.ts, TypeScript, 0, 0, 132, 0, 0, 0, 0, 0, 25, 34, 191
src\app\main\pages\accounts\internal\internal.module.ts, TypeScript, 0, 0, 28, 0, 0, 0, 0, 0, 6, 6, 40
src\app\main\pages\accounts\internal\internal.theme.scss, SCSS, 0, 0, 0, 0, 20, 0, 0, 0, 0, 4, 24
src\app\main\pages\accounts\internal\models\index.ts, TypeScript, 0, 0, 1, 0, 0, 0, 0, 0, 0, 1, 2
src\app\main\pages\accounts\internal\models\internal.model.ts, TypeScript, 0, 0, 142, 0, 0, 0, 0, 0, 3, 13, 158
src\app\main\pages\accounts\internal\resolvers\index.ts, TypeScript, 0, 0, 2, 0, 0, 0, 0, 0, 0, 1, 3
src\app\main\pages\accounts\internal\resolvers\internal-detail.resolver.ts, TypeScript, 0, 0, 29, 0, 0, 0, 0, 0, 0, 6, 35
src\app\main\pages\accounts\internal\resolvers\internal.resolver.ts, TypeScript, 0, 0, 36, 0, 0, 0, 0, 0, 0, 5, 41
src\app\main\pages\accounts\internal\services\index.ts, TypeScript, 0, 0, 1, 0, 0, 0, 0, 0, 0, 1, 2
src\app\main\pages\accounts\internal\services\internal-api.service.spec.ts, TypeScript, 0, 0, 9, 0, 0, 0, 0, 0, 0, 4, 13
src\app\main\pages\accounts\internal\services\internal-api.service.ts, TypeScript, 0, 0, 27, 0, 0, 0, 0, 0, 33, 8, 68
src\app\main\pages\accounts\internal\store\actions\index.ts, TypeScript, 0, 0, 2, 0, 0, 0, 0, 0, 0, 2, 4
src\app\main\pages\accounts\internal\store\actions\internal.actions.ts, TypeScript, 0, 0, 23, 0, 0, 0, 0, 0, 6, 9, 38
src\app\main\pages\accounts\internal\store\effects\index.ts, TypeScript, 0, 0, 1, 0, 0, 0, 0, 0, 0, 1, 2
src\app\main\pages\accounts\internal\store\effects\internal.effects.spec.ts, TypeScript, 0, 0, 20, 0, 0, 0, 0, 0, 0, 6, 26
src\app\main\pages\accounts\internal\store\effects\internal.effects.ts, TypeScript, 0, 0, 98, 0, 0, 0, 0, 0, 3, 9, 110
src\app\main\pages\accounts\internal\store\reducers\index.ts, TypeScript, 0, 0, 2, 0, 0, 0, 0, 0, 0, 2, 4
src\app\main\pages\accounts\internal\store\reducers\internal.reducer.ts, TypeScript, 0, 0, 69, 0, 0, 0, 0, 0, 8, 14, 91
src\app\main\pages\accounts\internal\store\selectors\index.ts, TypeScript, 0, 0, 2, 0, 0, 0, 0, 0, 0, 2, 4
src\app\main\pages\accounts\internal\store\selectors\internal.selectors.ts, TypeScript, 0, 0, 38, 0, 0, 0, 0, 0, 0, 11, 49
src\app\main\pages\accounts\merchants\i18n\en.ts, TypeScript, 0, 0, 7, 0, 0, 0, 0, 0, 0, 2, 9
src\app\main\pages\accounts\merchants\i18n\id.ts, TypeScript, 0, 0, 7, 0, 0, 0, 0, 0, 0, 2, 9
src\app\main\pages\accounts\merchants\merchant-detail\merchant-detail.component.html, HTML, 0, 0, 0, 41, 0, 0, 0, 0, 8, 4, 53
src\app\main\pages\accounts\merchants\merchant-detail\merchant-detail.component.scss, SCSS, 0, 0, 0, 0, 168, 0, 0, 0, 1, 38, 207
src\app\main\pages\accounts\merchants\merchant-detail\merchant-detail.component.ts, TypeScript, 0, 0, 115, 0, 0, 0, 0, 0, 8, 16, 139
src\app\main\pages\accounts\merchants\merchant-detail\merchant-employee-detail\merchant-employee-detail.component.html, HTML, 0, 0, 0, 143, 0, 0, 0, 0, 42, 21, 206
src\app\main\pages\accounts\merchants\merchant-detail\merchant-employee-detail\merchant-employee-detail.component.scss, SCSS, 0, 0, 0, 0, 34, 0, 0, 0, 34, 11, 79
src\app\main\pages\accounts\merchants\merchant-detail\merchant-employee-detail\merchant-employee-detail.component.ts, TypeScript, 0, 0, 138, 0, 0, 0, 0, 0, 36, 39, 213
src\app\main\pages\accounts\merchants\merchant-detail\merchant-info-detail\merchant-info-detail.component.html, HTML, 0, 0, 0, 1125, 0, 0, 0, 0, 31, 45, 1201
src\app\main\pages\accounts\merchants\merchant-detail\merchant-info-detail\merchant-info-detail.component.scss, SCSS, 0, 0, 0, 0, 56, 0, 0, 0, 3, 14, 73
src\app\main\pages\accounts\merchants\merchant-detail\merchant-info-detail\merchant-info-detail.component.ts, TypeScript, 0, 0, 55, 0, 0, 0, 0, 0, 10, 13, 78
src\app\main\pages\accounts\merchants\merchant-detail\merchant-location-detail\merchant-location-detail.component.html, HTML, 0, 0, 0, 32, 0, 0, 0, 0, 12, 7, 51
src\app\main\pages\accounts\merchants\merchant-detail\merchant-location-detail\merchant-location-detail.component.scss, SCSS, 0, 0, 0, 0, 0, 0, 0, 0, 0, 1, 1
src\app\main\pages\accounts\merchants\merchant-detail\merchant-location-detail\merchant-location-detail.component.ts, TypeScript, 0, 0, 80, 0, 0, 0, 0, 0, 12, 15, 107
src\app\main\pages\accounts\merchants\merchant-employee\merchant-employee.component.html, HTML, 0, 0, 0, 256, 0, 0, 0, 0, 17, 22, 295
src\app\main\pages\accounts\merchants\merchant-employee\merchant-employee.component.scss, SCSS, 0, 0, 0, 0, 34, 0, 0, 0, 1, 5, 40
src\app\main\pages\accounts\merchants\merchant-employee\merchant-employee.component.ts, TypeScript, 0, 0, 325, 0, 0, 0, 0, 0, 40, 51, 416
src\app\main\pages\accounts\merchants\merchant-form\merchant-form.component.html, HTML, 0, 0, 0, 1043, 0, 0, 0, 0, 77, 92, 1212
src\app\main\pages\accounts\merchants\merchant-form\merchant-form.component.scss, SCSS, 0, 0, 0, 0, 0, 0, 0, 0, 5, 1, 6
src\app\main\pages\accounts\merchants\merchant-form\merchant-form.component.ts, TypeScript, 0, 0, 997, 0, 0, 0, 0, 0, 40, 87, 1124
src\app\main\pages\accounts\merchants\merchants-routing.module.ts, TypeScript, 0, 0, 57, 0, 0, 0, 0, 0, 20, 4, 81
src\app\main\pages\accounts\merchants\merchants.component.html, HTML, 0, 0, 0, 232, 0, 0, 0, 0, 111, 34, 377
src\app\main\pages\accounts\merchants\merchants.component.scss, SCSS, 0, 0, 0, 0, 76, 0, 0, 0, 55, 26, 157
src\app\main\pages\accounts\merchants\merchants.component.ts, TypeScript, 0, 0, 205, 0, 0, 0, 0, 0, 30, 48, 283
src\app\main\pages\accounts\merchants\merchants.module.ts, TypeScript, 0, 0, 43, 0, 0, 0, 0, 0, 7, 6, 56
src\app\main\pages\accounts\merchants\merchants.theme.scss, SCSS, 0, 0, 0, 0, 20, 0, 0, 0, 0, 4, 24
src\app\main\pages\accounts\merchants\models\index.ts, TypeScript, 0, 0, 1, 0, 0, 0, 0, 0, 0, 1, 2
src\app\main\pages\accounts\merchants\models\merchant.model.ts, TypeScript, 0, 0, 1028, 0, 0, 0, 0, 0, 65, 68, 1161
src\app\main\pages\accounts\merchants\resolvers\index.ts, TypeScript, 0, 0, 2, 0, 0, 0, 0, 0, 0, 1, 3
src\app\main\pages\accounts\merchants\resolvers\merchant-employee.resolver.ts, TypeScript, 0, 0, 36, 0, 0, 0, 0, 0, 0, 5, 41
src\app\main\pages\accounts\merchants\resolvers\merchant.resolver.ts, TypeScript, 0, 0, 33, 0, 0, 0, 0, 0, 29, 7, 69
src\app\main\pages\accounts\merchants\services\index.ts, TypeScript, 0, 0, 1, 0, 0, 0, 0, 0, 0, 1, 2
src\app\main\pages\accounts\merchants\services\merchant-api.service.spec.ts, TypeScript, 0, 0, 9, 0, 0, 0, 0, 0, 0, 4, 13
src\app\main\pages\accounts\merchants\services\merchant-api.service.ts, TypeScript, 0, 0, 146, 0, 0, 0, 0, 0, 85, 24, 255
src\app\main\pages\accounts\merchants\store\actions\index.ts, TypeScript, 0, 0, 2, 0, 0, 0, 0, 0, 0, 2, 4
src\app\main\pages\accounts\merchants\store\actions\merchant.actions.ts, TypeScript, 0, 0, 181, 0, 0, 0, 0, 0, 30, 60, 271
src\app\main\pages\accounts\merchants\store\effects\index.ts, TypeScript, 0, 0, 1, 0, 0, 0, 0, 0, 0, 1, 2
src\app\main\pages\accounts\merchants\store\effects\merchant.effects.spec.ts, TypeScript, 0, 0, 20, 0, 0, 0, 0, 0, 0, 6, 26
src\app\main\pages\accounts\merchants\store\effects\merchant.effects.ts, TypeScript, 0, 0, 708, 0, 0, 0, 0, 0, 6, 46, 760
src\app\main\pages\accounts\merchants\store\reducers\index.ts, TypeScript, 0, 0, 2, 0, 0, 0, 0, 0, 0, 2, 4
src\app\main\pages\accounts\merchants\store\reducers\merchant.reducer.ts, TypeScript, 0, 0, 224, 0, 0, 0, 0, 0, 8, 17, 249
src\app\main\pages\accounts\merchants\store\selectors\index.ts, TypeScript, 0, 0, 2, 0, 0, 0, 0, 0, 0, 2, 4
src\app\main\pages\accounts\merchants\store\selectors\merchant.selectors.ts, TypeScript, 0, 0, 125, 0, 0, 0, 0, 0, 0, 20, 145
src\app\main\pages\accounts\models\account-detail-form.model.ts, TypeScript, 0, 0, 23, 0, 0, 0, 0, 0, 3, 9, 35
src\app\main\pages\accounts\models\account-form.model.ts, TypeScript, 0, 0, 19, 0, 0, 0, 0, 0, 0, 7, 26
src\app\main\pages\accounts\models\account.model.ts, TypeScript, 0, 0, 481, 0, 0, 0, 0, 0, 48, 31, 560
src\app\main\pages\accounts\models\index.ts, TypeScript, 0, 0, 3, 0, 0, 0, 0, 0, 0, 1, 4
src\app\main\pages\accounts\services\account-api.service.ts, TypeScript, 0, 0, 34, 0, 0, 0, 0, 0, 0, 12, 46
src\app\main\pages\accounts\services\account.service.ts, TypeScript, 0, 0, 0, 0, 0, 0, 0, 0, 36, 1, 37
src\app\main\pages\accounts\services\index.ts, TypeScript, 0, 0, 1, 0, 0, 0, 0, 0, 0, 1, 2
src\app\main\pages\accounts\store\actions\account.actions.ts, TypeScript, 0, 0, 70, 0, 0, 0, 0, 0, 0, 17, 87
src\app\main\pages\accounts\store\actions\index.ts, TypeScript, 0, 0, 2, 0, 0, 0, 0, 0, 0, 2, 4
src\app\main\pages\accounts\store\effects\account.effects.ts, TypeScript, 0, 0, 412, 0, 0, 0, 0, 0, 15, 31, 458
src\app\main\pages\accounts\store\reducers\account.reducer.ts, TypeScript, 0, 0, 144, 0, 0, 0, 0, 0, 0, 17, 161
src\app\main\pages\accounts\store\selectors\account.selectors.ts, TypeScript, 0, 0, 53, 0, 0, 0, 0, 0, 0, 13, 66
src\app\main\pages\accounts\store\selectors\index.ts, TypeScript, 0, 0, 2, 0, 0, 0, 0, 0, 0, 2, 4
src\app\main\pages\attendances\attendance-detail\attendance-detail.component.html, HTML, 0, 0, 0, 144, 0, 0, 0, 0, 34, 16, 194
src\app\main\pages\attendances\attendance-detail\attendance-detail.component.scss, SCSS, 0, 0, 0, 0, 53, 0, 0, 0, 1, 9, 63
src\app\main\pages\attendances\attendance-detail\attendance-detail.component.ts, TypeScript, 0, 0, 321, 0, 0, 0, 0, 0, 41, 51, 413
src\app\main\pages\attendances\attendance-detail\attendance-detail.resolver.ts, TypeScript, 0, 0, 17, 0, 0, 0, 0, 0, 0, 6, 23
src\app\main\pages\attendances\attendance-form\attendance-form.component.html, HTML, 0, 0, 0, 277, 0, 0, 0, 0, 201, 30, 508
src\app\main\pages\attendances\attendance-form\attendance-form.component.scss, SCSS, 0, 0, 0, 0, 53, 0, 0, 0, 1, 9, 63
src\app\main\pages\attendances\attendance-form\attendance-form.component.ts, TypeScript, 0, 0, 365, 0, 0, 0, 0, 0, 108, 66, 539
src\app\main\pages\attendances\attendance-form\attendance.resolver.ts, TypeScript, 0, 0, 20, 0, 0, 0, 0, 0, 0, 7, 27
src\app\main\pages\attendances\attendances-routing.module.ts, TypeScript, 0, 0, 36, 0, 0, 0, 0, 0, 0, 4, 40
src\app\main\pages\attendances\attendances.component.html, HTML, 0, 0, 0, 160, 0, 0, 0, 0, 28, 26, 214
src\app\main\pages\attendances\attendances.component.scss, SCSS, 0, 0, 0, 0, 113, 0, 0, 0, 0, 23, 136
src\app\main\pages\attendances\attendances.component.ts, TypeScript, 0, 0, 141, 0, 0, 0, 0, 0, 18, 31, 190
src\app\main\pages\attendances\attendances.module.ts, TypeScript, 0, 0, 25, 0, 0, 0, 0, 0, 7, 6, 38
src\app\main\pages\attendances\attendances.theme.scss, SCSS, 0, 0, 0, 0, 20, 0, 0, 0, 0, 4, 24
src\app\main\pages\attendances\i18n\en.ts, TypeScript, 0, 0, 7, 0, 0, 0, 0, 0, 0, 2, 9
src\app\main\pages\attendances\models\attendance.model.ts, TypeScript, 0, 0, 115, 0, 0, 0, 0, 0, 0, 12, 127
src\app\main\pages\attendances\models\index.ts, TypeScript, 0, 0, 1, 0, 0, 0, 0, 0, 0, 1, 2
src\app\main\pages\attendances\services\attendance-api.service.ts, TypeScript, 0, 0, 32, 0, 0, 0, 0, 0, 0, 10, 42
src\app\main\pages\attendances\services\index.ts, TypeScript, 0, 0, 1, 0, 0, 0, 0, 0, 0, 1, 2
src\app\main\pages\attendances\store\actions\attendance.actions.ts, TypeScript, 0, 0, 39, 0, 0, 0, 0, 0, 0, 11, 50
src\app\main\pages\attendances\store\actions\index.ts, TypeScript, 0, 0, 2, 0, 0, 0, 0, 0, 0, 2, 4
src\app\main\pages\attendances\store\effects\attendance.effects.ts, TypeScript, 0, 0, 292, 0, 0, 0, 0, 0, 6, 23, 321
src\app\main\pages\attendances\store\reducers\attendance.reducer.ts, TypeScript, 0, 0, 121, 0, 0, 0, 0, 0, 0, 16, 137
src\app\main\pages\attendances\store\reducers\index.ts, TypeScript, 0, 0, 2, 0, 0, 0, 0, 0, 0, 2, 4
src\app\main\pages\attendances\store\selectors\attendance.selectors.ts, TypeScript, 0, 0, 55, 0, 0, 0, 0, 0, 0, 13, 68
src\app\main\pages\attendances\store\selectors\index.ts, TypeScript, 0, 0, 2, 0, 0, 0, 0, 0, 0, 2, 4
src\app\main\pages\catalogues\catalogues-add-new-product\catalogues-add-new-product.component.html, HTML, 0, 0, 0, 16, 0, 0, 0, 0, 16, 5, 37
src\app\main\pages\catalogues\catalogues-add-new-product\catalogues-add-new-product.component.scss, SCSS, 0, 0, 0, 0, 0, 0, 0, 0, 0, 1, 1
src\app\main\pages\catalogues\catalogues-add-new-product\catalogues-add-new-product.component.spec.ts, TypeScript, 0, 0, 20, 0, 0, 0, 0, 0, 0, 6, 26
src\app\main\pages\catalogues\catalogues-add-new-product\catalogues-add-new-product.component.ts, TypeScript, 0, 0, 66, 0, 0, 0, 0, 0, 0, 6, 72
src\app\main\pages\catalogues\catalogues-form\catalogues-form.component.html, HTML, 0, 0, 0, 703, 0, 0, 0, 0, 117, 33, 853
src\app\main\pages\catalogues\catalogues-form\catalogues-form.component.scss, SCSS, 0, 0, 0, 0, 3, 0, 0, 0, 0, 0, 3
src\app\main\pages\catalogues\catalogues-form\catalogues-form.component.spec.ts, TypeScript, 0, 0, 20, 0, 0, 0, 0, 0, 0, 6, 26
src\app\main\pages\catalogues\catalogues-form\catalogues-form.component.ts, TypeScript, 0, 0, 218, 0, 0, 0, 0, 0, 5, 30, 253
src\app\main\pages\catalogues\catalogues-import\catalogues-import.component.html, HTML, 0, 0, 0, 44, 0, 0, 0, 0, 0, 2, 46
src\app\main\pages\catalogues\catalogues-import\catalogues-import.component.scss, SCSS, 0, 0, 0, 0, 0, 0, 0, 0, 0, 1, 1
src\app\main\pages\catalogues\catalogues-import\catalogues-import.component.spec.ts, TypeScript, 0, 0, 20, 0, 0, 0, 0, 0, 0, 6, 26
src\app\main\pages\catalogues\catalogues-import\catalogues-import.component.ts, TypeScript, 0, 0, 33, 0, 0, 0, 0, 0, 0, 7, 40
src\app\main\pages\catalogues\catalogues-routing.module.ts, TypeScript, 0, 0, 33, 0, 0, 0, 0, 0, 7, 4, 44
src\app\main\pages\catalogues\catalogues.component.html, HTML, 0, 0, 0, 228, 0, 0, 0, 0, 39, 35, 302
src\app\main\pages\catalogues\catalogues.component.scss, SCSS, 0, 0, 0, 0, 101, 0, 0, 0, 9, 24, 134
src\app\main\pages\catalogues\catalogues.component.spec.ts, TypeScript, 0, 0, 20, 0, 0, 0, 0, 0, 0, 6, 26
src\app\main\pages\catalogues\catalogues.component.ts, TypeScript, 0, 0, 141, 0, 0, 0, 0, 0, 27, 32, 200
src\app\main\pages\catalogues\catalogues.module.ts, TypeScript, 0, 0, 29, 0, 0, 0, 0, 0, 0, 6, 35
src\app\main\pages\catalogues\catalogues.service.spec.ts, TypeScript, 0, 0, 9, 0, 0, 0, 0, 0, 0, 4, 13
src\app\main\pages\catalogues\catalogues.service.ts, TypeScript, 0, 0, 30, 0, 0, 0, 0, 0, 59, 20, 109
src\app\main\pages\catalogues\i18n\en.ts, TypeScript, 0, 0, 41, 0, 0, 0, 0, 0, 0, 2, 43
src\app\main\pages\catalogues\i18n\id.ts, TypeScript, 0, 0, 41, 0, 0, 0, 0, 0, 0, 2, 43
src\app\main\pages\catalogues\models\catalogue.model.ts, TypeScript, 0, 0, 18, 0, 0, 0, 0, 0, 0, 2, 20
src\app\main\pages\catalogues\models\index.ts, TypeScript, 0, 0, 1, 0, 0, 0, 0, 0, 0, 1, 2
src\app\main\pages\catalogues\resolvers\breadcrumb.resolver.ts, TypeScript, 0, 0, 46, 0, 0, 0, 0, 0, 0, 4, 50
src\app\main\pages\catalogues\resolvers\catalogue-status.resolver.ts, TypeScript, 0, 0, 25, 0, 0, 0, 0, 0, 0, 4, 29
src\app\main\pages\catalogues\resolvers\catalogues.resolver.ts, TypeScript, 0, 0, 40, 0, 0, 0, 0, 0, 0, 6, 46
src\app\main\pages\catalogues\resolvers\index.ts, TypeScript, 0, 0, 3, 0, 0, 0, 0, 0, 0, 1, 4
src\app\main\pages\catalogues\status.ts, TypeScript, 0, 0, 51, 0, 0, 0, 0, 0, 0, 2, 53
src\app\main\pages\catalogues\store\actions\catalogue.actions.ts, TypeScript, 0, 0, 15, 0, 0, 0, 0, 0, 1, 4, 20
src\app\main\pages\catalogues\store\actions\index.ts, TypeScript, 0, 0, 2, 0, 0, 0, 0, 0, 0, 2, 4
src\app\main\pages\catalogues\store\reducers\catalogue.reducer.ts, TypeScript, 0, 0, 51, 0, 0, 0, 0, 0, 0, 14, 65
src\app\main\pages\catalogues\store\reducers\index.ts, TypeScript, 0, 0, 2, 0, 0, 0, 0, 0, 0, 2, 4
src\app\main\pages\catalogues\store\selectors\catalogue.selectors.ts, TypeScript, 0, 0, 27, 0, 0, 0, 0, 0, 0, 9, 36
src\app\main\pages\catalogues\store\selectors\index.ts, TypeScript, 0, 0, 2, 0, 0, 0, 0, 0, 0, 2, 4
src\app\main\pages\core\auth\auth-routing.module.ts, TypeScript, 0, 0, 20, 0, 0, 0, 0, 0, 4, 3, 27
src\app\main\pages\core\auth\auth.guard.ts, TypeScript, 0, 0, 75, 0, 0, 0, 0, 0, 14, 16, 105
src\app\main\pages\core\auth\auth.interceptor.ts, TypeScript, 0, 0, 42, 0, 0, 0, 0, 0, 0, 11, 53
src\app\main\pages\core\auth\auth.module.ts, TypeScript, 0, 0, 9, 0, 0, 0, 0, 0, 0, 3, 12
src\app\main\pages\core\auth\auth.service.ts, TypeScript, 0, 0, 32, 0, 0, 0, 0, 0, 0, 7, 39
src\app\main\pages\core\auth\login\i18n\en.ts, TypeScript, 0, 0, 7, 0, 0, 0, 0, 0, 0, 2, 9
src\app\main\pages\core\auth\login\i18n\id.ts, TypeScript, 0, 0, 7, 0, 0, 0, 0, 0, 0, 3, 10
src\app\main\pages\core\auth\login\login-routing.module.ts, TypeScript, 0, 0, 16, 0, 0, 0, 0, 0, 6, 4, 26
src\app\main\pages\core\auth\login\login.component.html, HTML, 0, 0, 0, 56, 0, 0, 0, 0, 31, 10, 97
src\app\main\pages\core\auth\login\login.component.scss, SCSS, 0, 0, 0, 0, 119, 0, 0, 0, 0, 27, 146
src\app\main\pages\core\auth\login\login.component.ts, TypeScript, 0, 0, 112, 0, 0, 0, 0, 0, 71, 19, 202
src\app\main\pages\core\auth\login\login.module.ts, TypeScript, 0, 0, 10, 0, 0, 0, 0, 0, 0, 2, 12
src\app\main\pages\core\auth\login\login.theme.scss, SCSS, 0, 0, 0, 0, 27, 0, 0, 0, 0, 4, 31
src\app\main\pages\core\auth\models\auth.model.ts, TypeScript, 0, 0, 38, 0, 0, 0, 0, 0, 0, 4, 42
src\app\main\pages\core\auth\models\index.ts, TypeScript, 0, 0, 1, 0, 0, 0, 0, 0, 0, 1, 2
src\app\main\pages\core\auth\store\actions\auth.actions.ts, TypeScript, 0, 0, 21, 0, 0, 0, 0, 0, 0, 8, 29
src\app\main\pages\core\auth\store\actions\index.ts, TypeScript, 0, 0, 2, 0, 0, 0, 0, 0, 0, 2, 4
src\app\main\pages\core\auth\store\effects\auth.effects.ts, TypeScript, 0, 0, 192, 0, 0, 0, 0, 0, 93, 25, 310
src\app\main\pages\core\auth\store\reducers\auth.reducer.ts, TypeScript, 0, 0, 55, 0, 0, 0, 0, 0, 0, 10, 65
src\app\main\pages\core\auth\store\reducers\index.ts, TypeScript, 0, 0, 2, 0, 0, 0, 0, 0, 0, 2, 4
src\app\main\pages\core\auth\store\selectors\auth.selectors.ts, TypeScript, 0, 0, 11, 0, 0, 0, 0, 0, 0, 5, 16
src\app\main\pages\core\auth\store\selectors\index.ts, TypeScript, 0, 0, 2, 0, 0, 0, 0, 0, 0, 2, 4
src\app\main\pages\dashboard\dashboard-routing.module.ts, TypeScript, 0, 0, 20, 0, 0, 0, 0, 0, 4, 4, 28
src\app\main\pages\dashboard\dashboard.component.html, HTML, 0, 0, 0, 376, 0, 0, 0, 0, 37, 97, 510
src\app\main\pages\dashboard\dashboard.component.scss, SCSS, 0, 0, 0, 0, 47, 0, 0, 0, 0, 9, 56
src\app\main\pages\dashboard\dashboard.component.ts, TypeScript, 0, 0, 70, 0, 0, 0, 0, 0, 17, 16, 103
src\app\main\pages\dashboard\dashboard.module.ts, TypeScript, 0, 0, 28, 0, 0, 0, 0, 0, 8, 5, 41
src\app\main\pages\dashboard\dashboard.service.ts, TypeScript, 0, 0, 29, 0, 0, 0, 0, 0, 0, 5, 34
src\app\main\pages\dashboard\i18n\en.ts, TypeScript, 0, 0, 8, 0, 0, 0, 0, 0, 0, 1, 9
src\app\main\pages\dashboard\i18n\id.ts, TypeScript, 0, 0, 8, 0, 0, 0, 0, 0, 0, 1, 9
src\app\main\pages\finances\banks\bank-form\bank-form.component.html, HTML, 0, 0, 0, 96, 0, 0, 0, 0, 46, 16, 158
src\app\main\pages\finances\banks\bank-form\bank-form.component.scss, SCSS, 0, 0, 0, 0, 0, 0, 0, 0, 0, 1, 1
src\app\main\pages\finances\banks\bank-form\bank-form.component.spec.ts, TypeScript, 0, 0, 20, 0, 0, 0, 0, 0, 0, 6, 26
src\app\main\pages\finances\banks\bank-form\bank-form.component.ts, TypeScript, 0, 0, 31, 0, 0, 0, 0, 0, 2, 5, 38
src\app\main\pages\finances\banks\banks-routing.module.ts, TypeScript, 0, 0, 9, 0, 0, 0, 0, 0, 0, 4, 13
src\app\main\pages\finances\banks\banks.component.html, HTML, 0, 0, 0, 61, 0, 0, 0, 0, 6, 10, 77
src\app\main\pages\finances\banks\banks.component.scss, SCSS, 0, 0, 0, 0, 0, 0, 0, 0, 0, 1, 1
src\app\main\pages\finances\banks\banks.component.spec.ts, TypeScript, 0, 0, 20, 0, 0, 0, 0, 0, 0, 6, 26
src\app\main\pages\finances\banks\banks.component.ts, TypeScript, 0, 0, 65, 0, 0, 0, 0, 0, 10, 9, 84
src\app\main\pages\finances\banks\banks.module.ts, TypeScript, 0, 0, 27, 0, 0, 0, 0, 0, 6, 6, 39
src\app\main\pages\finances\banks\banks.theme.scss, SCSS, 0, 0, 0, 0, 20, 0, 0, 0, 0, 4, 24
src\app\main\pages\finances\banks\i18n\en.ts, TypeScript, 0, 0, 7, 0, 0, 0, 0, 0, 0, 2, 9
src\app\main\pages\finances\banks\i18n\id.ts, TypeScript, 0, 0, 7, 0, 0, 0, 0, 0, 0, 2, 9
src\app\main\pages\finances\banks\store\reducers\bank.reducer.ts, TypeScript, 0, 0, 43, 0, 0, 0, 0, 0, 0, 13, 56
src\app\main\pages\finances\banks\store\reducers\index.ts, TypeScript, 0, 0, 2, 0, 0, 0, 0, 0, 0, 2, 4
src\app\main\pages\finances\banks\store\selectors\bank.selectors.ts, TypeScript, 0, 0, 28, 0, 0, 0, 0, 0, 0, 9, 37
src\app\main\pages\finances\banks\store\selectors\index.ts, TypeScript, 0, 0, 2, 0, 0, 0, 0, 0, 0, 2, 4
src\app\main\pages\finances\credit-limit-balance\credit-limit-balance-routing.module.ts, TypeScript, 0, 0, 34, 0, 0, 0, 0, 0, 3, 4, 41
src\app\main\pages\finances\credit-limit-balance\credit-limit-balance.component.html, HTML, 0, 0, 0, 32, 0, 0, 0, 0, 8, 3, 43
src\app\main\pages\finances\credit-limit-balance\credit-limit-balance.component.scss, SCSS, 0, 0, 0, 0, 0, 0, 0, 0, 0, 1, 1
src\app\main\pages\finances\credit-limit-balance\credit-limit-balance.component.ts, TypeScript, 0, 0, 92, 0, 0, 0, 0, 0, 8, 14, 114
src\app\main\pages\finances\credit-limit-balance\credit-limit-balance.module.ts, TypeScript, 0, 0, 30, 0, 0, 0, 0, 0, 6, 6, 42
src\app\main\pages\finances\credit-limit-balance\credit-limit-balance.theme.scss, SCSS, 0, 0, 0, 0, 20, 0, 0, 0, 0, 4, 24
src\app\main\pages\finances\credit-limit-balance\credit-limit-group-form\credit-limit-group-form.component.html, HTML, 0, 0, 0, 233, 0, 0, 0, 0, 125, 31, 389
src\app\main\pages\finances\credit-limit-balance\credit-limit-group-form\credit-limit-group-form.component.scss, SCSS, 0, 0, 0, 0, 23, 0, 0, 0, 0, 3, 26
src\app\main\pages\finances\credit-limit-balance\credit-limit-group-form\credit-limit-group-form.component.spec.ts, TypeScript, 0, 0, 20, 0, 0, 0, 0, 0, 0, 6, 26
src\app\main\pages\finances\credit-limit-balance\credit-limit-group-form\credit-limit-group-form.component.ts, TypeScript, 0, 0, 46, 0, 0, 0, 0, 0, 2, 9, 57
src\app\main\pages\finances\credit-limit-balance\credit-limit-group\credit-limit-group.component.html, HTML, 0, 0, 0, 55, 0, 0, 0, 0, 21, 12, 88
src\app\main\pages\finances\credit-limit-balance\credit-limit-group\credit-limit-group.component.scss, SCSS, 0, 0, 0, 0, 0, 0, 0, 0, 0, 1, 1
src\app\main\pages\finances\credit-limit-balance\credit-limit-group\credit-limit-group.component.ts, TypeScript, 0, 0, 25, 0, 0, 0, 0, 0, 8, 6, 39
src\app\main\pages\finances\credit-limit-balance\credit-store-form\credit-store-form.component.html, HTML, 0, 0, 0, 73, 0, 0, 0, 0, 77, 11, 161
src\app\main\pages\finances\credit-limit-balance\credit-store-form\credit-store-form.component.scss, SCSS, 0, 0, 0, 0, 0, 0, 0, 0, 0, 1, 1
src\app\main\pages\finances\credit-limit-balance\credit-store-form\credit-store-form.component.ts, TypeScript, 0, 0, 27, 0, 0, 0, 0, 0, 2, 5, 34
src\app\main\pages\finances\credit-limit-balance\credit-stores\credit-stores.component.html, HTML, 0, 0, 0, 169, 0, 0, 0, 0, 19, 32, 220
src\app\main\pages\finances\credit-limit-balance\credit-stores\credit-stores.component.scss, SCSS, 0, 0, 0, 0, 103, 0, 0, 0, 9, 25, 137
src\app\main\pages\finances\credit-limit-balance\credit-stores\credit-stores.component.spec.ts, TypeScript, 0, 0, 20, 0, 0, 0, 0, 0, 0, 6, 26
src\app\main\pages\finances\credit-limit-balance\credit-stores\credit-stores.component.ts, TypeScript, 0, 0, 95, 0, 0, 0, 0, 0, 17, 24, 136
src\app\main\pages\finances\credit-limit-balance\i18n\en.ts, TypeScript, 0, 0, 7, 0, 0, 0, 0, 0, 0, 2, 9
src\app\main\pages\finances\credit-limit-balance\i18n\id.ts, TypeScript, 0, 0, 7, 0, 0, 0, 0, 0, 0, 2, 9
src\app\main\pages\finances\credit-limit-balance\models\credit-limit-balance.model.ts, TypeScript, 0, 0, 11, 0, 0, 0, 0, 0, 0, 1, 12
src\app\main\pages\finances\credit-limit-balance\models\index.ts, TypeScript, 0, 0, 1, 0, 0, 0, 0, 0, 0, 1, 2
src\app\main\pages\finances\credit-limit-balance\resolvers\credit-limit-balance.resolver.ts, TypeScript, 0, 0, 38, 0, 0, 0, 0, 0, 0, 5, 43
src\app\main\pages\finances\credit-limit-balance\resolvers\index.ts, TypeScript, 0, 0, 1, 0, 0, 0, 0, 0, 0, 1, 2
src\app\main\pages\finances\credit-limit-balance\store\actions\credit-limit-balance.actions.ts, TypeScript, 0, 0, 10, 0, 0, 0, 0, 0, 0, 4, 14
src\app\main\pages\finances\credit-limit-balance\store\actions\index.ts, TypeScript, 0, 0, 2, 0, 0, 0, 0, 0, 0, 2, 4
src\app\main\pages\finances\credit-limit-balance\store\reducers\credit-limit-balance.reducer.ts, TypeScript, 0, 0, 55, 0, 0, 0, 0, 0, 0, 14, 69
src\app\main\pages\finances\credit-limit-balance\store\reducers\index.ts, TypeScript, 0, 0, 2, 0, 0, 0, 0, 0, 0, 2, 4
src\app\main\pages\finances\credit-limit-balance\store\selectors\credit-limit-balance.selectors.ts, TypeScript, 0, 0, 31, 0, 0, 0, 0, 0, 0, 9, 40
src\app\main\pages\finances\credit-limit-balance\store\selectors\index.ts, TypeScript, 0, 0, 2, 0, 0, 0, 0, 0, 0, 2, 4
src\app\main\pages\finances\finances-routing.module.ts, TypeScript, 0, 0, 30, 0, 0, 0, 0, 0, 6, 4, 40
src\app\main\pages\finances\finances.module.ts, TypeScript, 0, 0, 7, 0, 0, 0, 0, 0, 0, 3, 10
src\app\main\pages\finances\payment-status\i18n\en.ts, TypeScript, 0, 0, 38, 0, 0, 0, 0, 0, 0, 2, 40
src\app\main\pages\finances\payment-status\i18n\id.ts, TypeScript, 0, 0, 38, 0, 0, 0, 0, 0, 0, 2, 40
src\app\main\pages\finances\payment-status\models\index.ts, TypeScript, 0, 0, 1, 0, 0, 0, 0, 0, 0, 1, 2
src\app\main\pages\finances\payment-status\models\payment-status.model.ts, TypeScript, 0, 0, 15, 0, 0, 0, 0, 0, 0, 1, 16
src\app\main\pages\finances\payment-status\payment-status-form\payment-status-form.component.html, HTML, 0, 0, 0, 103, 0, 0, 0, 0, 83, 21, 207
src\app\main\pages\finances\payment-status\payment-status-form\payment-status-form.component.scss, SCSS, 0, 0, 0, 0, 19, 0, 0, 0, 0, 3, 22
src\app\main\pages\finances\payment-status\payment-status-form\payment-status-form.component.spec.ts, TypeScript, 0, 0, 20, 0, 0, 0, 0, 0, 0, 6, 26
src\app\main\pages\finances\payment-status\payment-status-form\payment-status-form.component.ts, TypeScript, 0, 0, 20, 0, 0, 0, 0, 0, 2, 5, 27
src\app\main\pages\finances\payment-status\payment-status-routing.module.ts, TypeScript, 0, 0, 18, 0, 0, 0, 0, 0, 6, 4, 28
src\app\main\pages\finances\payment-status\payment-status.component.html, HTML, 0, 0, 0, 222, 0, 0, 0, 0, 35, 38, 295
src\app\main\pages\finances\payment-status\payment-status.component.scss, SCSS, 0, 0, 0, 0, 113, 0, 0, 0, 21, 28, 162
src\app\main\pages\finances\payment-status\payment-status.component.spec.ts, TypeScript, 0, 0, 20, 0, 0, 0, 0, 0, 0, 6, 26
src\app\main\pages\finances\payment-status\payment-status.component.ts, TypeScript, 0, 0, 148, 0, 0, 0, 0, 0, 18, 29, 195
src\app\main\pages\finances\payment-status\payment-status.module.ts, TypeScript, 0, 0, 30, 0, 0, 0, 0, 0, 6, 6, 42
src\app\main\pages\finances\payment-status\payment-status.theme.scss, SCSS, 0, 0, 0, 0, 20, 0, 0, 0, 0, 4, 24
src\app\main\pages\finances\payment-status\proof-of-payment-form\proof-of-payment-form.component.html, HTML, 0, 0, 0, 64, 0, 0, 0, 0, 21, 12, 97
src\app\main\pages\finances\payment-status\proof-of-payment-form\proof-of-payment-form.component.scss, SCSS, 0, 0, 0, 0, 38, 0, 0, 0, 5, 8, 51
src\app\main\pages\finances\payment-status\proof-of-payment-form\proof-of-payment-form.component.spec.ts, TypeScript, 0, 0, 20, 0, 0, 0, 0, 0, 0, 6, 26
src\app\main\pages\finances\payment-status\proof-of-payment-form\proof-of-payment-form.component.ts, TypeScript, 0, 0, 99, 0, 0, 0, 0, 0, 75, 34, 208
src\app\main\pages\finances\payment-status\resolvers\index.ts, TypeScript, 0, 0, 2, 0, 0, 0, 0, 0, 0, 1, 3
src\app\main\pages\finances\payment-status\resolvers\payment-status.resolver.ts, TypeScript, 0, 0, 25, 0, 0, 0, 0, 0, 0, 4, 29
src\app\main\pages\finances\payment-status\resolvers\payment.resolver.ts, TypeScript, 0, 0, 38, 0, 0, 0, 0, 0, 0, 6, 44
src\app\main\pages\finances\payment-status\status.ts, TypeScript, 0, 0, 76, 0, 0, 0, 0, 0, 0, 2, 78
src\app\main\pages\finances\payment-status\store\actions\index.ts, TypeScript, 0, 0, 2, 0, 0, 0, 0, 0, 0, 2, 4
src\app\main\pages\finances\payment-status\store\actions\payment-status.actions.ts, TypeScript, 0, 0, 10, 0, 0, 0, 0, 0, 0, 4, 14
src\app\main\pages\finances\payment-status\store\reducers\index.ts, TypeScript, 0, 0, 2, 0, 0, 0, 0, 0, 0, 2, 4
src\app\main\pages\finances\payment-status\store\reducers\payment-status.reducer.ts, TypeScript, 0, 0, 52, 0, 0, 0, 0, 0, 0, 14, 66
src\app\main\pages\finances\payment-status\store\selectors\index.ts, TypeScript, 0, 0, 2, 0, 0, 0, 0, 0, 0, 2, 4
src\app\main\pages\finances\payment-status\store\selectors\payment-status.selectors.ts, TypeScript, 0, 0, 30, 0, 0, 0, 0, 0, 0, 9, 39
src\app\main\pages\in-store-inventories\in-store-catalogs\in-store-catalogs.component.html, HTML, 0, 0, 0, 141, 0, 0, 0, 0, 20, 19, 180
src\app\main\pages\in-store-inventories\in-store-catalogs\in-store-catalogs.component.scss, SCSS, 0, 0, 0, 0, 0, 0, 0, 0, 0, 1, 1
src\app\main\pages\in-store-inventories\in-store-catalogs\in-store-catalogs.component.ts, TypeScript, 0, 0, 0, 0, 0, 0, 0, 0, 195, 8, 203
src\app\main\pages\in-store-inventories\in-store-inventories-routing.module.ts, TypeScript, 0, 0, 16, 0, 0, 0, 0, 0, 9, 4, 29
src\app\main\pages\in-store-inventories\in-store-inventories.component.html, HTML, 0, 0, 0, 142, 0, 0, 0, 0, 19, 19, 180
src\app\main\pages\in-store-inventories\in-store-inventories.component.scss, SCSS, 0, 0, 0, 0, 94, 0, 0, 0, 0, 19, 113
src\app\main\pages\in-store-inventories\in-store-inventories.component.ts, TypeScript, 0, 0, 590, 0, 0, 0, 0, 0, 0, 8, 598
src\app\main\pages\in-store-inventories\in-store-inventories.module.ts, TypeScript, 0, 0, 30, 0, 0, 0, 0, 0, 1, 4, 35
src\app\main\pages\in-store-inventories\in-store-inventories.theme.scss, SCSS, 0, 0, 0, 0, 20, 0, 0, 0, 0, 4, 24
src\app\main\pages\orders\i18n\en.ts, TypeScript, 0, 0, 35, 0, 0, 0, 0, 0, 0, 2, 37
src\app\main\pages\orders\i18n\id.ts, TypeScript, 0, 0, 35, 0, 0, 0, 0, 0, 0, 2, 37
src\app\main\pages\orders\models\index.ts, TypeScript, 0, 0, 1, 0, 0, 0, 0, 0, 0, 1, 2
src\app\main\pages\orders\models\order.model.ts, TypeScript, 0, 0, 13, 0, 0, 0, 0, 0, 0, 2, 15
src\app\main\pages\orders\order-detail\order-detail.component.html, HTML, 0, 0, 0, 825, 0, 0, 0, 0, 255, 179, 1259
src\app\main\pages\orders\order-detail\order-detail.component.scss, SCSS, 0, 0, 0, 0, 292, 0, 0, 0, 73, 69, 434
src\app\main\pages\orders\order-detail\order-detail.component.ts, TypeScript, 0, 0, 132, 0, 0, 0, 0, 0, 7, 12, 151
src\app\main\pages\orders\orders-routing.module.ts, TypeScript, 0, 0, 31, 0, 0, 0, 0, 0, 6, 4, 41
src\app\main\pages\orders\orders.component.html, HTML, 0, 0, 0, 242, 0, 0, 0, 0, 50, 44, 336
src\app\main\pages\orders\orders.component.scss, SCSS, 0, 0, 0, 0, 113, 0, 0, 0, 1, 24, 138
src\app\main\pages\orders\orders.component.ts, TypeScript, 0, 0, 130, 0, 0, 0, 0, 0, 21, 28, 179
src\app\main\pages\orders\orders.module.ts, TypeScript, 0, 0, 26, 0, 0, 0, 0, 0, 6, 6, 38
src\app\main\pages\orders\orders.theme.scss, SCSS, 0, 0, 0, 0, 20, 0, 0, 0, 0, 4, 24
src\app\main\pages\orders\resolvers\breadcrumb.resolver.ts, TypeScript, 0, 0, 42, 0, 0, 0, 0, 0, 0, 4, 46
src\app\main\pages\orders\resolvers\index.ts, TypeScript, 0, 0, 3, 0, 0, 0, 0, 0, 0, 1, 4
src\app\main\pages\orders\resolvers\order-detail.resolver.ts, TypeScript, 0, 0, 29, 0, 0, 0, 0, 0, 0, 6, 35
src\app\main\pages\orders\resolvers\order-status.resolver.ts, TypeScript, 0, 0, 25, 0, 0, 0, 0, 0, 0, 4, 29
src\app\main\pages\orders\resolvers\order.resolver.ts, TypeScript, 0, 0, 38, 0, 0, 0, 0, 0, 0, 5, 43
src\app\main\pages\orders\status.ts, TypeScript, 0, 0, 67, 0, 0, 0, 0, 0, 0, 2, 69
src\app\main\pages\orders\store\actions\index.ts, TypeScript, 0, 0, 2, 0, 0, 0, 0, 0, 0, 2, 4
src\app\main\pages\orders\store\actions\order.actions.ts, TypeScript, 0, 0, 26, 0, 0, 0, 0, 0, 0, 6, 32
src\app\main\pages\orders\store\reducers\index.ts, TypeScript, 0, 0, 2, 0, 0, 0, 0, 0, 0, 2, 4
src\app\main\pages\orders\store\reducers\order.reducer.ts, TypeScript, 0, 0, 55, 0, 0, 0, 0, 0, 0, 14, 69
src\app\main\pages\orders\store\selectors\index.ts, TypeScript, 0, 0, 2, 0, 0, 0, 0, 0, 0, 2, 4
src\app\main\pages\orders\store\selectors\order.selectors.ts, TypeScript, 0, 0, 28, 0, 0, 0, 0, 0, 0, 9, 37
src\app\main\pages\privileges\privilege.model.ts, TypeScript, 0, 0, 24, 0, 0, 0, 0, 0, 0, 5, 29
src\app\main\pages\roles\role-api.service.ts, TypeScript, 0, 0, 26, 0, 0, 0, 0, 0, 0, 10, 36
src\app\main\pages\roles\role.model.ts, TypeScript, 0, 0, 61, 0, 0, 0, 0, 0, 0, 8, 69
src\app\main\pages\store-configs\models\store-config.model.ts, TypeScript, 0, 0, 25, 0, 0, 0, 0, 0, 0, 4, 29
src\app\main\pages\stores\models\store.model.ts, TypeScript, 0, 0, 120, 0, 0, 0, 0, 0, 0, 12, 132
src\app\main\pages\urbans\models\index.ts, TypeScript, 0, 0, 1, 0, 0, 0, 0, 0, 0, 1, 2
src\app\main\pages\urbans\models\urban.model.ts, TypeScript, 0, 0, 75, 0, 0, 0, 0, 0, 0, 7, 82
src\app\navigation\i18n\en.ts, TypeScript, 0, 0, 57, 0, 0, 0, 0, 0, 0, 1, 58
src\app\navigation\i18n\id.ts, TypeScript, 0, 0, 54, 0, 0, 0, 0, 0, 0, 1, 55
src\app\navigation\navigation.ts, TypeScript, 0, 0, 120, 0, 0, 0, 0, 0, 0, 2, 122
src\app\shared\components\filter-advanced\filter-advanced.component.html, HTML, 0, 0, 0, 13, 0, 0, 0, 0, 6, 5, 24
src\app\shared\components\filter-advanced\filter-advanced.component.scss, SCSS, 0, 0, 0, 0, 0, 0, 0, 0, 0, 1, 1
src\app\shared\components\filter-advanced\filter-advanced.component.ts, TypeScript, 0, 0, 43, 0, 0, 0, 0, 0, 6, 6, 55
src\app\shared\components\filter-advanced\filter-advanced.module.ts, TypeScript, 0, 0, 20, 0, 0, 0, 0, 0, 0, 2, 22
src\app\shared\components\filters\filters.component.html, HTML, 0, 0, 0, 29, 0, 0, 0, 0, 0, 6, 35
src\app\shared\components\filters\filters.component.scss, SCSS, 0, 0, 0, 0, 0, 0, 0, 0, 0, 1, 1
src\app\shared\components\filters\filters.component.ts, TypeScript, 0, 0, 57, 0, 0, 0, 0, 0, 5, 9, 71
src\app\shared\components\filters\filters.module.ts, TypeScript, 0, 0, 21, 0, 0, 0, 0, 0, 1, 2, 24
src\app\shared\components\notices\error-notice\error-notice.component.ts, TypeScript, 0, 0, 20, 0, 0, 0, 0, 0, 0, 2, 22
src\app\shared\components\notices\success-notice\success-notice.component.ts, TypeScript, 0, 0, 20, 0, 0, 0, 0, 0, 0, 2, 22
src\app\shared\components\notices\warning-notice\warning-notice.component.ts, TypeScript, 0, 0, 20, 0, 0, 0, 0, 0, 0, 2, 22
src\app\shared\directives\checkbox-validator.directive.ts, TypeScript, 0, 0, 7, 0, 0, 0, 0, 0, 0, 4, 11
src\app\shared\directives\content.directive.ts, TypeScript, 0, 0, 7, 0, 0, 0, 0, 0, 0, 2, 9
src\app\shared\directives\index.ts, TypeScript, 0, 0, 2, 0, 0, 0, 0, 0, 0, 1, 3
src\app\shared\guards\index.ts, TypeScript, 0, 0, 1, 0, 0, 0, 0, 0, 0, 1, 2
src\app\shared\guards\logged-in-auth.guard.ts, TypeScript, 0, 0, 51, 0, 0, 0, 0, 0, 0, 9, 60
src\app\shared\helpers\breadcrumb.service.ts, TypeScript, 0, 0, 17, 0, 0, 0, 0, 0, 0, 5, 22
src\app\shared\helpers\error-message.service.ts, TypeScript, 0, 0, 68, 0, 0, 0, 0, 0, 0, 16, 84
src\app\shared\helpers\generator.service.ts, TypeScript, 0, 0, 303, 0, 0, 0, 0, 0, 6, 43, 352
src\app\shared\helpers\helper.service.ts, TypeScript, 0, 0, 102, 0, 0, 0, 0, 0, 39, 20, 161
src\app\shared\helpers\index.ts, TypeScript, 0, 0, 12, 0, 0, 0, 0, 0, 0, 1, 13
src\app\shared\helpers\log.service.ts, TypeScript, 0, 0, 57, 0, 0, 0, 0, 0, 0, 17, 74
src\app\shared\helpers\notice.service.ts, TypeScript, 0, 0, 45, 0, 0, 0, 0, 0, 0, 7, 52
src\app\shared\helpers\province-api.service.spec.ts, TypeScript, 0, 0, 9, 0, 0, 0, 0, 0, 0, 4, 13
src\app\shared\helpers\province-api.service.ts, TypeScript, 0, 0, 23, 0, 0, 0, 0, 0, 0, 8, 31
src\app\shared\helpers\store-cluster-api.service.spec.ts, TypeScript, 0, 0, 9, 0, 0, 0, 0, 0, 0, 4, 13
src\app\shared\helpers\store-cluster-api.service.ts, TypeScript, 0, 0, 23, 0, 0, 0, 0, 0, 39, 9, 71
src\app\shared\helpers\store-group-api.service.spec.ts, TypeScript, 0, 0, 9, 0, 0, 0, 0, 0, 0, 4, 13
src\app\shared\helpers\store-group-api.service.ts, TypeScript, 0, 0, 23, 0, 0, 0, 0, 0, 39, 9, 71
src\app\shared\helpers\store-segment-api.service.spec.ts, TypeScript, 0, 0, 9, 0, 0, 0, 0, 0, 0, 4, 13
src\app\shared\helpers\store-segment-api.service.ts, TypeScript, 0, 0, 23, 0, 0, 0, 0, 0, 39, 9, 71
src\app\shared\helpers\store-type-api.service.spec.ts, TypeScript, 0, 0, 9, 0, 0, 0, 0, 0, 0, 4, 13
src\app\shared\helpers\store-type-api.service.ts, TypeScript, 0, 0, 23, 0, 0, 0, 0, 0, 39, 9, 71
src\app\shared\helpers\vehicle-accessibility-api.service.spec.ts, TypeScript, 0, 0, 9, 0, 0, 0, 0, 0, 0, 4, 13
src\app\shared\helpers\vehicle-accessibility-api.service.ts, TypeScript, 0, 0, 23, 0, 0, 0, 0, 0, 39, 9, 71
src\app\shared\interceptors\http-config.interceptor.ts, TypeScript, 0, 0, 28, 0, 0, 0, 0, 0, 30, 6, 64
src\app\shared\interceptors\http-error.interceptor.ts, TypeScript, 0, 0, 48, 0, 0, 0, 0, 0, 6, 10, 64
src\app\shared\material.module.ts, TypeScript, 0, 0, 89, 0, 0, 0, 0, 0, 0, 4, 93
src\app\shared\modals\change-confirmation\change-confirmation.component.html, HTML, 0, 0, 0, 12, 0, 0, 0, 0, 0, 3, 15
src\app\shared\modals\change-confirmation\change-confirmation.component.scss, SCSS, 0, 0, 0, 0, 0, 0, 0, 0, 0, 1, 1
src\app\shared\modals\change-confirmation\change-confirmation.component.spec.ts, TypeScript, 0, 0, 20, 0, 0, 0, 0, 0, 0, 6, 26
src\app\shared\modals\change-confirmation\change-confirmation.component.ts, TypeScript, 0, 0, 12, 0, 0, 0, 0, 0, 2, 3, 17
src\app\shared\modals\delete-confirmation\delete-confirmation.component.html, HTML, 0, 0, 0, 10, 0, 0, 0, 0, 0, 3, 13
src\app\shared\modals\delete-confirmation\delete-confirmation.component.scss, SCSS, 0, 0, 0, 0, 0, 0, 0, 0, 0, 1, 1
src\app\shared\modals\delete-confirmation\delete-confirmation.component.spec.ts, TypeScript, 0, 0, 20, 0, 0, 0, 0, 0, 0, 6, 26
src\app\shared\modals\delete-confirmation\delete-confirmation.component.ts, TypeScript, 0, 0, 12, 0, 0, 0, 0, 0, 2, 3, 17
src\app\shared\modals\filter-advanced-form\filter-advanced-form.component.html, HTML, 0, 0, 0, 55, 0, 0, 0, 0, 2, 6, 63
src\app\shared\modals\filter-advanced-form\filter-advanced-form.component.scss, SCSS, 0, 0, 0, 0, 0, 0, 0, 0, 0, 1, 1
src\app\shared\modals\filter-advanced-form\filter-advanced-form.component.ts, TypeScript, 0, 0, 36, 0, 0, 0, 0, 0, 15, 11, 62
src\app\shared\modals\show-image\show-image.component.html, HTML, 0, 0, 0, 23, 0, 0, 0, 0, 0, 5, 28
src\app\shared\modals\show-image\show-image.component.scss, SCSS, 0, 0, 0, 0, 0, 0, 0, 0, 0, 1, 1
src\app\shared\modals\show-image\show-image.component.spec.ts, TypeScript, 0, 0, 20, 0, 0, 0, 0, 0, 0, 6, 26
src\app\shared\modals\show-image\show-image.component.ts, TypeScript, 0, 0, 12, 0, 0, 0, 0, 0, 2, 3, 17
src\app\shared\models\brand.model.ts, TypeScript, 0, 0, 98, 0, 0, 0, 0, 0, 0, 8, 106
src\app\shared\models\customer-hierarchy.model.ts, TypeScript, 0, 0, 65, 0, 0, 0, 0, 0, 0, 7, 72
src\app\shared\models\field.model.ts, TypeScript, 0, 0, 21, 0, 0, 0, 0, 0, 0, 5, 26
src\app\shared\models\global.model.ts, TypeScript, 0, 0, 101, 0, 0, 0, 0, 0, 0, 20, 121
src\app\shared\models\index.ts, TypeScript, 0, 0, 13, 0, 0, 0, 0, 0, 0, 1, 14
src\app\shared\models\legal.model.ts, TypeScript, 0, 0, 53, 0, 0, 0, 0, 0, 0, 4, 57
src\app\shared\models\province.model.ts, TypeScript, 0, 0, 86, 0, 0, 0, 0, 0, 0, 12, 98
src\app\shared\models\query.model.ts, TypeScript, 0, 0, 13, 0, 0, 0, 0, 0, 0, 3, 16
src\app\shared\models\store-cluster.model.ts, TypeScript, 0, 0, 27, 0, 0, 0, 0, 0, 0, 6, 33
src\app\shared\models\store-group.model.ts, TypeScript, 0, 0, 27, 0, 0, 0, 0, 0, 0, 6, 33
src\app\shared\models\store-segment.model.ts, TypeScript, 0, 0, 27, 0, 0, 0, 0, 0, 0, 6, 33
src\app\shared\models\store-type.model.ts, TypeScript, 0, 0, 27, 0, 0, 0, 0, 0, 0, 6, 33
src\app\shared\models\timestamp.model.ts, TypeScript, 0, 0, 16, 0, 0, 0, 0, 0, 0, 4, 20
src\app\shared\models\vehicle-accessibility.model.ts, TypeScript, 0, 0, 27, 0, 0, 0, 0, 0, 0, 6, 33
src\app\shared\pipes\highlight.pipe.ts, TypeScript, 0, 0, 15, 0, 0, 0, 0, 0, 0, 4, 19
src\app\shared\pipes\index.ts, TypeScript, 0, 0, 2, 0, 0, 0, 0, 0, 0, 1, 3
src\app\shared\pipes\price.pipe.ts, TypeScript, 0, 0, 9, 0, 0, 0, 0, 0, 0, 3, 12
src\app\shared\resolvers\breadcrumb.resolver.ts, TypeScript, 0, 0, 42, 0, 0, 0, 0, 0, 0, 5, 47
src\app\shared\resolvers\dropdown-roles.resolver.ts, TypeScript, 0, 0, 28, 0, 0, 0, 0, 0, 0, 4, 32
src\app\shared\resolvers\index.ts, TypeScript, 0, 0, 2, 0, 0, 0, 0, 0, 0, 1, 3
src\app\shared\shared.module.ts, TypeScript, 0, 0, 71, 0, 0, 0, 0, 0, 6, 3, 80
src\app\shared\store\actions\dropdown.actions.ts, TypeScript, 0, 0, 104, 0, 0, 0, 0, 0, 24, 33, 161
src\app\shared\store\actions\form.actions.ts, TypeScript, 0, 0, 15, 0, 0, 0, 0, 0, 0, 5, 20
src\app\shared\store\actions\index.ts, TypeScript, 0, 0, 5, 0, 0, 0, 0, 0, 0, 2, 7
src\app\shared\store\actions\network.actions.ts, TypeScript, 0, 0, 6, 0, 0, 0, 0, 0, 0, 3, 9
src\app\shared\store\actions\ui.actions.ts, TypeScript, 0, 0, 25, 0, 0, 0, 0, 0, 0, 8, 33
src\app\shared\store\effects\dropdown.effects.ts, TypeScript, 0, 0, 447, 0, 0, 0, 0, 0, 36, 29, 512
src\app\shared\store\effects\index.ts, TypeScript, 0, 0, 2, 0, 0, 0, 0, 0, 0, 1, 3
src\app\shared\store\effects\network.effects.ts, TypeScript, 0, 0, 29, 0, 0, 0, 0, 0, 23, 6, 58
src\app\shared\store\reducers\dropdown.reducer.ts, TypeScript, 0, 0, 111, 0, 0, 0, 0, 0, 1, 13, 125
src\app\shared\store\reducers\form.reducer.ts, TypeScript, 0, 0, 67, 0, 0, 0, 0, 0, 0, 7, 74
src\app\shared\store\reducers\index.ts, TypeScript, 0, 0, 5, 0, 0, 0, 0, 0, 0, 2, 7
src\app\shared\store\reducers\network.reducer.ts, TypeScript, 0, 0, 19, 0, 0, 0, 0, 0, 0, 6, 25
src\app\shared\store\reducers\ui.reducer.ts, TypeScript, 0, 0, 72, 0, 0, 0, 0, 0, 0, 7, 79
src\app\shared\store\selectors\dropdown.selectors.ts, TypeScript, 0, 0, 121, 0, 0, 0, 0, 0, 13, 24, 158
src\app\shared\store\selectors\form.selectors.ts, TypeScript, 0, 0, 31, 0, 0, 0, 0, 0, 0, 10, 41
src\app\shared\store\selectors\index.ts, TypeScript, 0, 0, 5, 0, 0, 0, 0, 0, 0, 2, 7
src\app\shared\store\selectors\network.selectors.ts, TypeScript, 0, 0, 9, 0, 0, 0, 0, 0, 0, 3, 12
src\app\shared\store\selectors\ui.selectors.ts, TypeScript, 0, 0, 31, 0, 0, 0, 0, 0, 0, 10, 41
src\app\store\app.reducer.ts, TypeScript, 0, 0, 58, 0, 0, 0, 0, 0, 5, 11, 74
src\app\store\custom-serializer.ts, TypeScript, 0, 0, 24, 0, 0, 0, 0, 0, 0, 7, 31
src\assets\icons\material-icons\outline\fonts\material-outline-icons.svg, XML, 0, 0, 0, 0, 0, 0, 0, 2037, 0, 0, 2037
src\assets\icons\material-icons\outline\style.css, CSS, 0, 0, 0, 0, 0, 3067, 0, 0, 3, 5, 3075
src\assets\icons\meteocons\demo-files\demo.css, CSS, 0, 0, 0, 0, 0, 151, 0, 0, 0, 40, 191
src\assets\icons\meteocons\demo.html, HTML, 0, 0, 0, 744, 0, 0, 0, 0, 2, 50, 796
src\assets\icons\meteocons\fonts\meteocons.svg, XML, 0, 0, 0, 0, 0, 0, 0, 106, 0, 1, 107
src\assets\icons\meteocons\selection.json, JSON, 0, 1302, 0, 0, 0, 0, 0, 0, 0, 1, 1303
src\assets\icons\meteocons\style.css, CSS, 0, 0, 0, 0, 0, 160, 0, 0, 1, 50, 211
src\assets\images\logos\fuse.svg, XML, 0, 0, 0, 0, 0, 0, 0, 1125, 1, 1, 1127
src\assets\images\logos\sinbad-square.svg, XML, 0, 0, 0, 0, 0, 0, 0, 1019, 0, 1, 1020
src\assets\images\logos\sinbad.svg, XML, 0, 0, 0, 0, 0, 0, 0, 371, 0, 1, 372
src\environments\environment.hmr.ts, TypeScript, 0, 0, 6, 0, 0, 0, 0, 0, 0, 1, 7
src\environments\environment.prod.ts, TypeScript, 0, 0, 6, 0, 0, 0, 0, 0, 0, 1, 7
src\environments\environment.stg.ts, TypeScript, 0, 0, 6, 0, 0, 0, 0, 0, 0, 1, 7
src\environments\environment.ts, TypeScript, 0, 0, 6, 0, 0, 0, 0, 0, 11, 3, 20
src\hmr.ts, TypeScript, 0, 0, 14, 0, 0, 0, 0, 0, 0, 6, 20
src\index.html, HTML, 0, 0, 0, 198, 0, 0, 0, 0, 6, 28, 232
src\main.ts, TypeScript, 0, 0, 19, 0, 0, 0, 0, 0, 0, 4, 23
src\manifest.webmanifest, JSON, 0, 51, 0, 0, 0, 0, 0, 0, 0, 0, 51
src\polyfills.ts, TypeScript, 0, 0, 3, 0, 0, 0, 0, 0, 55, 8, 66
src\styles.scss, SCSS, 0, 0, 0, 0, 282, 0, 0, 0, 31, 62, 375
src\test.ts, TypeScript, 0, 0, 10, 0, 0, 0, 0, 0, 4, 6, 20
tsconfig.app.json, JSON, 0, 10, 0, 0, 0, 0, 0, 0, 0, 1, 11
tsconfig.json, JSON, 0, 24, 0, 0, 0, 0, 0, 0, 0, 1, 25
tsconfig.spec.json, JSON, 0, 9, 0, 0, 0, 0, 0, 0, 0, 1, 10
tslint.json, JSON, 0, 74, 0, 0, 0, 0, 0, 0, 0, 1, 75
Total, -, 6, 12850, 39901, 11058, 6951, 3378, 17, 4658, 7465, 7620, 93904